:START_ID,:END_ID,relation,:TYPE
40001,30001,ð§,ð§
40001,30002,ð§,ð§
40001,30003,ð§,ð§
40001,30004,ð§,ð§
40001,30005,ð§,ð§
40001,30006,ð§,ð§
40001,30007,ð§,ð§
40001,30008,ð§,ð§
40001,30009,ð§,ð§
40001,30010,ð§,ð§
40001,30011,ð§,ð§
40001,30012,ð§,ð§
40001,30013,ð§,ð§
40001,30014,ð§,ð§
40001,30015,ð§,ð§
40001,30016,ð§,ð§
40001,30017,ð§,ð§
40001,30018,ð§,ð§
40001,30019,ð§,ð§
40001,30020,ð§,ð§
40001,30021,ð§,ð§
40001,30022,ð§,ð§
40001,30023,ð§,ð§
40001,30024,ð§,ð§
40001,30025,ð§,ð§
40001,30026,ð§,ð§
40001,30027,ð§,ð§
40001,30028,ð§,ð§
40001,30029,ð§,ð§
40001,30030,ð§,ð§
40001,30031,ð§,ð§
40001,30032,ð§,ð§
40001,30033,ð§,ð§
40002,30034,ð§,ð§
40002,30035,ð§,ð§
40002,30036,ð§,ð§
40002,30037,ð§,ð§
40002,30038,ð§,ð§
40002,30039,ð§,ð§
40002,30040,ð§,ð§
40002,30041,ð§,ð§
40002,30042,ð§,ð§
40002,30043,ð§,ð§
40002,30044,ð§,ð§
40002,30045,ð§,ð§
40002,30046,ð§,ð§
40002,30047,ð§,ð§
40002,30048,ð§,ð§
40002,30049,ð§,ð§
40002,30050,ð§,ð§
40002,30051,ð§,ð§
40002,30052,ð§,ð§
40002,30053,ð§,ð§
40002,30054,ð§,ð§
40002,30055,ð§,ð§
40002,30056,ð§,ð§
40002,30057,ð§,ð§
40002,30058,ð§,ð§
40002,30059,ð§,ð§
40002,30060,ð§,ð§
40002,30061,ð§,ð§
40002,30062,ð§,ð§
40002,30063,ð§,ð§
40002,30064,ð§,ð§
40002,30065,ð§,ð§
40003,30066,ð§,ð§
40003,30067,ð§,ð§
40003,30068,ð§,ð§
40003,30069,ð§,ð§
40003,30070,ð§,ð§
40003,30071,ð§,ð§
40003,30072,ð§,ð§
40003,30073,ð§,ð§
40003,30074,ð§,ð§
40003,30075,ð§,ð§
40003,30076,ð§,ð§
40003,30077,ð§,ð§
40003,30078,ð§,ð§
40003,30079,ð§,ð§
40003,30080,ð§,ð§
40004,30081,ð§,ð§
40004,30082,ð§,ð§
40004,30083,ð§,ð§
40004,30084,ð§,ð§
40004,30085,ð§,ð§
40004,30086,ð§,ð§
40004,30087,ð§,ð§
40004,30088,ð§,ð§
40004,30089,ð§,ð§
40004,30090,ð§,ð§
40004,30091,ð§,ð§
40004,30092,ð§,ð§
40004,30093,ð§,ð§
40004,30094,ð§,ð§
40004,30095,ð§,ð§
40004,30096,ð§,ð§
40004,30097,ð§,ð§
40004,30098,ð§,ð§
40005,30099,ð§,ð§
40005,30100,ð§,ð§
40005,30101,ð§,ð§
40005,30102,ð§,ð§
40005,30103,ð§,ð§
40005,30104,ð§,ð§
40005,30105,ð§,ð§
40005,30106,ð§,ð§
40005,30107,ð§,ð§
40005,30108,ð§,ð§
40005,30109,ð§,ð§
40006,30110,ð§,ð§
40006,30111,ð§,ð§
40006,30112,ð§,ð§
40006,30113,ð§,ð§
40006,30114,ð§,ð§
40006,30115,ð§,ð§
40006,30116,ð§,ð§
40006,30117,ð§,ð§
40006,30118,ð§,ð§
40006,30119,ð§,ð§
40006,30120,ð§,ð§
40006,30121,ð§,ð§
40006,30122,ð§,ð§
40006,30123,ð§,ð§
40006,30124,ð§,ð§
40006,30125,ð§,ð§
40006,30126,ð§,ð§
40006,30127,ð§,ð§
40006,30128,ð§,ð§
40006,30129,ð§,ð§
40006,30130,ð§,ð§
40006,30131,ð§,ð§
40006,30132,ð§,ð§
40006,30133,ð§,ð§
40006,30134,ð§,ð§
40006,30135,ð§,ð§
40006,30136,ð§,ð§
40006,30036,ð§,ð§
40006,30137,ð§,ð§
40006,30138,ð§,ð§
40006,30139,ð§,ð§
40006,30140,ð§,ð§
40006,30141,ð§,ð§
40006,30035,ð§,ð§
40006,30142,ð§,ð§
40006,30143,ð§,ð§
40006,30144,ð§,ð§
40006,30145,ð§,ð§
40006,30146,ð§,ð§
40006,30147,ð§,ð§
40006,30148,ð§,ð§
40006,30149,ð§,ð§
40006,30150,ð§,ð§
40006,30151,ð§,ð§
40006,30152,ð§,ð§
40006,30153,ð§,ð§
40006,30154,ð§,ð§
40006,30155,ð§,ð§
40006,30156,ð§,ð§
40006,30157,ð§,ð§
40006,30158,ð§,ð§
40006,30159,ð§,ð§
40006,30160,ð§,ð§
40006,30161,ð§,ð§
40006,30162,ð§,ð§
40006,30163,ð§,ð§
40006,30164,ð§,ð§
40006,30165,ð§,ð§
40006,30166,ð§,ð§
40006,30167,ð§,ð§
40006,30168,ð§,ð§
40006,30169,ð§,ð§
40006,30170,ð§,ð§
40006,30171,ð§,ð§
40007,30172,ð§,ð§
40007,30173,ð§,ð§
40007,30174,ð§,ð§
40007,30175,ð§,ð§
40007,30176,ð§,ð§
40007,30177,ð§,ð§
40007,30178,ð§,ð§
40007,30179,ð§,ð§
40007,30180,ð§,ð§
40007,30181,ð§,ð§
40007,30182,ð§,ð§
40007,30183,ð§,ð§
40007,30184,ð§,ð§
40007,30185,ð§,ð§
40007,30186,ð§,ð§
40007,30187,ð§,ð§
40007,30188,ð§,ð§
40007,30189,ð§,ð§
40007,30068,ð§,ð§
40008,30190,ð§,ð§
40008,30191,ð§,ð§
40008,30397,ð§,ð§
40008,30193,ð§,ð§
40008,30194,ð§,ð§
40008,30195,ð§,ð§
40008,30196,ð§,ð§
40008,30197,ð§,ð§
40008,30198,ð§,ð§
40008,30199,ð§,ð§
40008,30200,ð§,ð§
40008,30201,ð§,ð§
40008,30202,ð§,ð§
40008,30203,ð§,ð§
40008,30204,ð§,ð§
40008,30205,ð§,ð§
40009,30206,ð§,ð§
40009,30207,ð§,ð§
40009,30208,ð§,ð§
40009,30209,ð§,ð§
40009,30210,ð§,ð§
40009,30211,ð§,ð§
40009,30212,ð§,ð§
40009,30213,ð§,ð§
40009,30214,ð§,ð§
40009,30215,ð§,ð§
40009,30216,ð§,ð§
40009,30217,ð§,ð§
40010,30218,ð§,ð§
40010,30219,ð§,ð§
40010,30220,ð§,ð§
40010,30221,ð§,ð§
40010,30222,ð§,ð§
40010,30223,ð§,ð§
40010,30224,ð§,ð§
40010,30225,ð§,ð§
40010,30226,ð§,ð§
40010,30227,ð§,ð§
40010,30228,ð§,ð§
40010,30229,ð§,ð§
40011,30230,ð§,ð§
40011,30231,ð§,ð§
40011,30232,ð§,ð§
40011,30233,ð§,ð§
40011,30234,ð§,ð§
40011,30235,ð§,ð§
40011,30236,ð§,ð§
40011,30237,ð§,ð§
40011,30238,ð§,ð§
40012,30239,ð§,ð§
40012,30240,ð§,ð§
40012,30241,ð§,ð§
40012,30242,ð§,ð§
40012,30243,ð§,ð§
40012,30244,ð§,ð§
40012,30245,ð§,ð§
40012,30246,ð§,ð§
40012,30247,ð§,ð§
40012,30248,ð§,ð§
40012,30249,ð§,ð§
40012,30250,ð§,ð§
40012,30251,ð§,ð§
40012,30252,ð§,ð§
40012,30253,ð§,ð§
40012,30254,ð§,ð§
40013,30255,ð§,ð§
40013,30256,ð§,ð§
40013,30257,ð§,ð§
40013,30258,ð§,ð§
40013,30259,ð§,ð§
40013,30260,ð§,ð§
40013,30261,ð§,ð§
40013,30262,ð§,ð§
40013,30263,ð§,ð§
40013,30264,ð§,ð§
40014,30265,ð§,ð§
40014,30266,ð§,ð§
40014,30267,ð§,ð§
40014,30268,ð§,ð§
40014,30269,ð§,ð§
40014,30270,ð§,ð§
40014,30271,ð§,ð§
40014,30272,ð§,ð§
40014,30273,ð§,ð§
40015,30274,ð§,ð§
40015,30275,ð§,ð§
40015,30276,ð§,ð§
40015,30277,ð§,ð§
40015,30278,ð§,ð§
40015,30279,ð§,ð§
40015,30280,ð§,ð§
40015,30281,ð§,ð§
40015,30282,ð§,ð§
40015,30283,ð§,ð§
40015,30284,ð§,ð§
40015,30285,ð§,ð§
40015,30286,ð§,ð§
40015,30287,ð§,ð§
40015,30288,ð§,ð§
40015,30289,ð§,ð§
40015,30290,ð§,ð§
40015,30291,ð§,ð§
40015,30292,ð§,ð§
40015,30293,ð§,ð§
40015,30294,ð§,ð§
40015,30295,ð§,ð§
40015,30296,ð§,ð§
40015,30297,ð§,ð§
40015,30298,ð§,ð§
40015,30299,ð§,ð§
40015,30300,ð§,ð§
40015,30301,ð§,ð§
40015,30302,ð§,ð§
40015,30303,ð§,ð§
40015,30304,ð§,ð§
40015,30305,ð§,ð§
40010,30306,ð§,ð§
40010,30307,ð§,ð§
40010,30308,ð§,ð§
40010,30309,ð§,ð§
40010,30310,ð§,ð§
40010,30311,ð§,ð§
40010,30312,ð§,ð§
40010,30313,ð§,ð§
40010,30314,ð§,ð§
40010,30315,ð§,ð§
40010,30316,ð§,ð§
40016,30317,ð§,ð§
40016,30318,ð§,ð§
40016,30319,ð§,ð§
40016,30320,ð§,ð§
40016,30321,ð§,ð§
40016,30322,ð§,ð§
40016,30323,ð§,ð§
40016,30324,ð§,ð§
40016,30325,ð§,ð§
40016,30326,ð§,ð§
40016,30327,ð§,ð§
40016,30328,ð§,ð§
40016,30329,ð§,ð§
40016,30330,ð§,ð§
40016,30331,ð§,ð§
40017,30332,ð§,ð§
40017,30333,ð§,ð§
40017,30334,ð§,ð§
40017,30335,ð§,ð§
40017,30336,ð§,ð§
40018,30337,ð§,ð§
40018,30338,ð§,ð§
40018,30339,ð§,ð§
40018,30340,ð§,ð§
40018,30341,ð§,ð§
40018,30342,ð§,ð§
40018,30343,ð§,ð§
40018,30344,ð§,ð§
40018,30345,ð§,ð§
40018,30346,ð§,ð§
40018,30347,ð§,ð§
40018,30348,ð§,ð§
40018,30349,ð§,ð§
40018,30350,ð§,ð§
40018,30351,ð§,ð§
40018,30352,ð§,ð§
40018,30353,ð§,ð§
40018,30354,ð§,ð§
40018,30355,ð§,ð§
40018,30356,ð§,ð§
40018,30357,ð§,ð§
40018,30358,ð§,ð§
40018,30359,ð§,ð§
40019,30360,ð§,ð§
40019,30361,ð§,ð§
40019,30362,ð§,ð§
40019,30363,ð§,ð§
40019,30364,ð§,ð§
40019,30365,ð§,ð§
40019,30366,ð§,ð§
40019,30367,ð§,ð§
40019,30368,ð§,ð§
40019,30369,ð§,ð§
40019,30370,ð§,ð§
40019,30371,ð§,ð§
40019,30372,ð§,ð§
40019,30373,ð§,ð§
40019,30374,ð§,ð§
40019,30375,ð§,ð§
40019,30376,ð§,ð§
40019,30377,ð§,ð§
40019,30181,ð§,ð§
40019,30378,ð§,ð§
40019,30379,ð§,ð§
40019,30380,ð§,ð§
40019,30381,ð§,ð§
40019,30382,ð§,ð§
40019,30383,ð§,ð§
40019,30384,ð§,ð§
40019,30385,ð§,ð§
40019,30386,ð§,ð§
40019,30387,ð§,ð§
40019,30388,ð§,ð§
40019,30389,ð§,ð§
40019,30390,ð§,ð§
40019,30391,ð§,ð§
40020,30392,ð§,ð§
40020,30393,ð§,ð§
40020,30394,ð§,ð§
40020,30395,ð§,ð§
40020,30396,ð§,ð§
40020,30397,ð§,ð§
40020,30398,ð§,ð§
40021,30399,ð§,ð§
40021,30400,ð§,ð§
40021,30401,ð§,ð§
40021,30402,ð§,ð§
40021,30403,ð§,ð§
40021,30404,ð§,ð§
40021,30405,ð§,ð§
40021,30406,ð§,ð§
40021,30407,ð§,ð§
40021,30408,ð§,ð§
40021,30409,ð§,ð§
40021,30410,ð§,ð§
40021,30411,ð§,ð§
40021,30412,ð§,ð§
40021,30413,ð§,ð§
40021,30414,ð§,ð§
40021,30415,ð§,ð§
40021,30416,ð§,ð§
40021,30417,ð§,ð§
40021,30418,ð§,ð§
40021,30419,ð§,ð§
40021,30420,ð§,ð§
40021,30421,ð§,ð§
40022,30422,ð§,ð§
40022,30423,ð§,ð§
40022,30424,ð§,ð§
40022,30425,ð§,ð§
40022,30426,ð§,ð§
40022,30427,ð§,ð§
40022,30428,ð§,ð§
40022,30429,ð§,ð§
40022,30430,ð§,ð§
40022,30431,ð§,ð§
40022,30432,ð§,ð§
40022,30433,ð§,ð§
40022,30434,ð§,ð§
40022,30435,ð§,ð§
40022,30436,ð§,ð§
40022,30437,ð§,ð§
40022,30438,ð§,ð§
40022,30439,ð§,ð§
40022,30440,ð§,ð§
40022,30441,ð§,ð§
40022,30442,ð§,ð§
40022,30443,ð§,ð§
40022,30444,ð§,ð§
40022,30445,ð§,ð§
40022,30446,ð§,ð§
40022,30447,ð§,ð§
40023,30448,ð§,ð§
40023,30449,ð§,ð§
40023,30450,ð§,ð§
40023,30451,ð§,ð§
40023,30452,ð§,ð§
40023,30453,ð§,ð§
40023,30454,ð§,ð§
40024,30455,ð§,ð§
40024,30456,ð§,ð§
40024,30457,ð§,ð§
40024,30458,ð§,ð§
40024,30459,ð§,ð§
40024,30460,ð§,ð§
40024,30461,ð§,ð§
40024,30462,ð§,ð§
40024,30463,ð§,ð§
40024,30464,ð§,ð§
40024,30465,ð§,ð§
40024,30466,ð§,ð§
40024,30467,ð§,ð§
40024,30468,ð§,ð§
40024,30469,ð§,ð§
40024,30470,ð§,ð§
40024,30471,ð§,ð§
40024,30472,ð§,ð§
40024,30473,ð§,ð§
40024,30474,ð§,ð§
40024,30475,ð§,ð§
40024,30476,ð§,ð§
40024,30245,ð§,ð§
40008,30477,ð§,ð§
40008,30405,ð§,ð§
40008,30478,ð§,ð§
40025,30317,ð§,ð§
40025,30479,ð§,ð§
40025,30480,ð§,ð§
40025,30481,ð§,ð§
40025,30482,ð§,ð§
40025,30483,ð§,ð§
40025,30484,ð§,ð§
40025,30485,ð§,ð§
40025,30486,ð§,ð§
40025,30487,ð§,ð§
40025,30488,ð§,ð§
40025,30489,ð§,ð§
40025,30490,ð§,ð§
40025,30491,ð§,ð§
40025,30492,ð§,ð§
40026,30493,ð§,ð§
40026,30199,ð§,ð§
40026,30494,ð§,ð§
40026,30495,ð§,ð§
40026,30496,ð§,ð§
40026,30497,ð§,ð§
40026,30498,ð§,ð§
40026,30499,ð§,ð§
40026,30500,ð§,ð§
40026,30501,ð§,ð§
40026,30502,ð§,ð§
40026,30503,ð§,ð§
40026,30504,ð§,ð§
40026,30505,ð§,ð§
40026,30506,ð§,ð§
40026,30507,ð§,ð§
40026,30508,ð§,ð§
40026,30509,ð§,ð§
40026,30510,ð§,ð§
40026,30511,ð§,ð§
40026,30512,ð§,ð§
40026,30513,ð§,ð§
40026,30514,ð§,ð§
40026,30515,ð§,ð§
40026,30516,ð§,ð§
40026,30517,ð§,ð§
40026,30518,ð§,ð§
40026,30519,ð§,ð§
40026,30520,ð§,ð§
40026,30521,ð§,ð§
40026,30522,ð§,ð§
40026,30523,ð§,ð§
40026,30524,ð§,ð§
40026,30525,ð§,ð§
40026,30526,ð§,ð§
40026,30527,ð§,ð§
40008,30528,ð§,ð§
40008,30529,ð§,ð§
40008,30530,ð§,ð§
40027,30531,ð§,ð§
40027,30532,ð§,ð§
40027,30533,ð§,ð§
40027,30534,ð§,ð§
40027,30535,ð§,ð§
40027,30536,ð§,ð§
40027,30537,ð§,ð§
40027,30538,ð§,ð§
40027,30539,ð§,ð§
40027,30540,ð§,ð§
40027,30541,ð§,ð§
40027,30542,ð§,ð§
40027,30543,ð§,ð§
40027,30544,ð§,ð§
40027,30545,ð§,ð§
40004,30546,ð§,ð§
40004,30547,ð§,ð§
40004,30548,ð§,ð§
40004,30549,ð§,ð§
40004,30550,ð§,ð§
40004,30551,ð§,ð§
40004,30552,ð§,ð§
40004,30553,ð§,ð§
40004,30554,ð§,ð§
40004,30555,ð§,ð§
40004,30556,ð§,ð§
40004,30557,ð§,ð§
40004,30558,ð§,ð§
40004,30559,ð§,ð§
40004,30560,ð§,ð§
40004,30561,ð§,ð§
40004,30562,ð§,ð§
40004,30563,ð§,ð§
40004,30564,ð§,ð§
40004,30565,ð§,ð§
40028,30566,ð§,ð§
40028,30567,ð§,ð§
40028,30568,ð§,ð§
40028,30569,ð§,ð§
40028,30570,ð§,ð§
40028,30571,ð§,ð§
40028,30572,ð§,ð§
40028,30573,ð§,ð§
40028,30574,ð§,ð§
40028,30575,ð§,ð§
40029,30576,ð§,ð§
40029,30577,ð§,ð§
40029,30578,ð§,ð§
40029,30240,ð§,ð§
40029,30579,ð§,ð§
40029,30580,ð§,ð§
40029,30581,ð§,ð§
40029,30582,ð§,ð§
40029,30583,ð§,ð§
40029,30584,ð§,ð§
40029,30585,ð§,ð§
40029,30586,ð§,ð§
40029,30587,ð§,ð§
40029,30588,ð§,ð§
40029,30589,ð§,ð§
40029,30590,ð§,ð§
40029,30591,ð§,ð§
40029,30592,ð§,ð§
40029,30593,ð§,ð§
40029,30594,ð§,ð§
40029,30595,ð§,ð§
40029,30596,ð§,ð§
40029,30597,ð§,ð§
40029,30598,ð§,ð§
40029,30599,ð§,ð§
40029,30600,ð§,ð§
40029,30601,ð§,ð§
40029,30602,ð§,ð§
40029,30603,ð§,ð§
40029,30604,ð§,ð§
40029,30605,ð§,ð§
40029,30606,ð§,ð§
40029,30607,ð§,ð§
40029,30608,ð§,ð§
40029,30609,ð§,ð§
40029,30610,ð§,ð§
40029,30611,ð§,ð§
40029,30612,ð§,ð§
40029,30613,ð§,ð§
40029,30922,ð§,ð§
40029,30615,ð§,ð§
40029,30616,ð§,ð§
40029,30617,ð§,ð§
40029,30618,ð§,ð§
40029,30619,ð§,ð§
40029,30620,ð§,ð§
40030,30621,ð§,ð§
40030,30622,ð§,ð§
40030,30623,ð§,ð§
40030,30624,ð§,ð§
40030,30625,ð§,ð§
40030,30626,ð§,ð§
40030,30627,ð§,ð§
40030,30628,ð§,ð§
40030,30629,ð§,ð§
40030,30630,ð§,ð§
40030,30631,ð§,ð§
40030,30632,ð§,ð§
40030,30633,ð§,ð§
40030,30634,ð§,ð§
40030,30635,ð§,ð§
40030,30636,ð§,ð§
40030,30637,ð§,ð§
40030,30638,ð§,ð§
40030,30639,ð§,ð§
40030,30640,ð§,ð§
40030,30641,ð§,ð§
40030,30642,ð§,ð§
40031,30643,ð§,ð§
40031,30644,ð§,ð§
40031,30645,ð§,ð§
40031,30646,ð§,ð§
40031,30647,ð§,ð§
40031,30648,ð§,ð§
40031,30649,ð§,ð§
40031,30650,ð§,ð§
40031,30651,ð§,ð§
40031,30652,ð§,ð§
40014,30196,ð§,ð§
40014,30653,ð§,ð§
40014,30654,ð§,ð§
40014,30655,ð§,ð§
40014,30392,ð§,ð§
40014,30656,ð§,ð§
40014,30657,ð§,ð§
40014,30658,ð§,ð§
40014,30659,ð§,ð§
40014,30660,ð§,ð§
40014,30661,ð§,ð§
40014,30662,ð§,ð§
40014,30663,ð§,ð§
40014,30664,ð§,ð§
40014,30665,ð§,ð§
40014,30666,ð§,ð§
40014,30667,ð§,ð§
40014,30668,ð§,ð§
40014,30669,ð§,ð§
40014,30670,ð§,ð§
40014,30671,ð§,ð§
40014,30672,ð§,ð§
40014,30673,ð§,ð§
40014,30674,ð§,ð§
40032,30481,ð§,ð§
40032,30675,ð§,ð§
40032,30676,ð§,ð§
40032,30677,ð§,ð§
40032,30678,ð§,ð§
40032,30679,ð§,ð§
40032,30680,ð§,ð§
40032,30681,ð§,ð§
40032,30487,ð§,ð§
40032,30682,ð§,ð§
40032,30683,ð§,ð§
40032,30684,ð§,ð§
40032,30685,ð§,ð§
40032,30686,ð§,ð§
40032,30687,ð§,ð§
40032,30578,ð§,ð§
40033,30688,ð§,ð§
40033,30689,ð§,ð§
40033,30690,ð§,ð§
40033,30691,ð§,ð§
40033,30692,ð§,ð§
40033,30693,ð§,ð§
40033,30694,ð§,ð§
40033,30695,ð§,ð§
40033,30696,ð§,ð§
40033,30697,ð§,ð§
40033,30698,ð§,ð§
40033,30699,ð§,ð§
40033,30700,ð§,ð§
40033,30701,ð§,ð§
40033,30702,ð§,ð§
40034,30703,ð§,ð§
40034,30704,ð§,ð§
40034,30705,ð§,ð§
40034,30199,ð§,ð§
40034,30706,ð§,ð§
40034,30707,ð§,ð§
40034,30708,ð§,ð§
40034,30709,ð§,ð§
40034,30710,ð§,ð§
40035,30711,ð§,ð§
40035,30712,ð§,ð§
40035,30713,ð§,ð§
40035,30714,ð§,ð§
40035,30715,ð§,ð§
40035,30716,ð§,ð§
40035,30717,ð§,ð§
40035,30718,ð§,ð§
40035,30719,ð§,ð§
40035,30720,ð§,ð§
40035,30721,ð§,ð§
40006,30722,ð§,ð§
40006,30723,ð§,ð§
40006,30724,ð§,ð§
40006,30725,ð§,ð§
40006,30726,ð§,ð§
40006,30727,ð§,ð§
40006,30728,ð§,ð§
40006,30729,ð§,ð§
40006,30730,ð§,ð§
40006,30731,ð§,ð§
40006,30732,ð§,ð§
40006,30733,ð§,ð§
40006,30734,ð§,ð§
40006,30735,ð§,ð§
40006,30736,ð§,ð§
40006,30737,ð§,ð§
40006,30738,ð§,ð§
40036,30739,ð§,ð§
40036,30740,ð§,ð§
40036,30741,ð§,ð§
40036,30742,ð§,ð§
40036,30743,ð§,ð§
40036,30744,ð§,ð§
40036,30745,ð§,ð§
40037,30746,ð§,ð§
40037,30747,ð§,ð§
40037,30748,ð§,ð§
40037,30749,ð§,ð§
40037,30750,ð§,ð§
40037,30751,ð§,ð§
40037,30752,ð§,ð§
40037,30753,ð§,ð§
40037,30496,ð§,ð§
40037,30754,ð§,ð§
40037,30755,ð§,ð§
40037,30756,ð§,ð§
40037,30757,ð§,ð§
40037,30758,ð§,ð§
40007,30066,ð§,ð§
40007,30759,ð§,ð§
40007,30760,ð§,ð§
40007,30761,ð§,ð§
40007,30762,ð§,ð§
40007,30763,ð§,ð§
40007,30764,ð§,ð§
40007,30765,ð§,ð§
40007,30766,ð§,ð§
40007,30767,ð§,ð§
40007,30768,ð§,ð§
40007,30769,ð§,ð§
40007,30770,ð§,ð§
40007,30771,ð§,ð§
40007,30772,ð§,ð§
40007,30773,ð§,ð§
40007,30774,ð§,ð§
40007,30775,ð§,ð§
40007,30776,ð§,ð§
40007,30777,ð§,ð§
40038,30778,ð§,ð§
40038,30779,ð§,ð§
40038,30780,ð§,ð§
40038,30781,ð§,ð§
40038,30580,ð§,ð§
40038,30782,ð§,ð§
40038,30783,ð§,ð§
40038,30784,ð§,ð§
40038,30785,ð§,ð§
40038,30786,ð§,ð§
40038,30787,ð§,ð§
40038,30788,ð§,ð§
40038,30789,ð§,ð§
40038,30790,ð§,ð§
40038,30791,ð§,ð§
40038,30792,ð§,ð§
40038,30793,ð§,ð§
40038,30794,ð§,ð§
40038,30795,ð§,ð§
40038,30796,ð§,ð§
40038,30797,ð§,ð§
40038,30798,ð§,ð§
40038,30799,ð§,ð§
40038,30800,ð§,ð§
40038,30801,ð§,ð§
40038,30802,ð§,ð§
40038,30803,ð§,ð§
40038,30804,ð§,ð§
40038,30805,ð§,ð§
40038,30806,ð§,ð§
40038,30807,ð§,ð§
40038,30808,ð§,ð§
40038,30809,ð§,ð§
40038,30810,ð§,ð§
40038,30811,ð§,ð§
40038,30812,ð§,ð§
40038,30813,ð§,ð§
40038,30814,ð§,ð§
40038,30815,ð§,ð§
40038,30816,ð§,ð§
40038,30817,ð§,ð§
40038,30818,ð§,ð§
40038,30819,ð§,ð§
40038,30820,ð§,ð§
40038,30821,ð§,ð§
40038,30822,ð§,ð§
40038,30823,ð§,ð§
40038,30824,ð§,ð§
40001,30825,ð§,ð§
40001,30826,ð§,ð§
40001,30827,ð§,ð§
40001,30828,ð§,ð§
40001,30198,ð§,ð§
40001,30829,ð§,ð§
40001,30830,ð§,ð§
40001,30831,ð§,ð§
40001,30832,ð§,ð§
40001,30833,ð§,ð§
40001,30834,ð§,ð§
40001,30835,ð§,ð§
40001,30836,ð§,ð§
40001,30837,ð§,ð§
40001,30838,ð§,ð§
40001,30839,ð§,ð§
40001,30840,ð§,ð§
40014,30007,ð§,ð§
40014,30841,ð§,ð§
40014,30842,ð§,ð§
40014,30843,ð§,ð§
40014,30844,ð§,ð§
40014,30845,ð§,ð§
40014,30846,ð§,ð§
40039,30847,ð§,ð§
40039,30848,ð§,ð§
40039,30173,ð§,ð§
40039,30849,ð§,ð§
40039,30850,ð§,ð§
40039,30851,ð§,ð§
40039,30852,ð§,ð§
40039,30853,ð§,ð§
40039,30854,ð§,ð§
40039,30855,ð§,ð§
40039,30856,ð§,ð§
40039,30857,ð§,ð§
40039,30858,ð§,ð§
40039,30859,ð§,ð§
40039,30860,ð§,ð§
40039,30861,ð§,ð§
40039,30862,ð§,ð§
40039,30863,ð§,ð§
40039,30864,ð§,ð§
40039,30865,ð§,ð§
40040,30866,ð§,ð§
40040,30240,ð§,ð§
40040,30867,ð§,ð§
40040,30868,ð§,ð§
40040,30869,ð§,ð§
40040,30870,ð§,ð§
40040,30871,ð§,ð§
40040,30872,ð§,ð§
40040,30873,ð§,ð§
40040,30874,ð§,ð§
40040,30875,ð§,ð§
40040,30876,ð§,ð§
40040,30877,ð§,ð§
40040,30878,ð§,ð§
40040,30879,ð§,ð§
40040,30880,ð§,ð§
40040,30107,ð§,ð§
40040,30881,ð§,ð§
40040,30882,ð§,ð§
40040,30883,ð§,ð§
40040,30884,ð§,ð§
40040,30885,ð§,ð§
40040,30886,ð§,ð§
40040,30887,ð§,ð§
40040,30888,ð§,ð§
40040,30889,ð§,ð§
40040,30890,ð§,ð§
40040,30891,ð§,ð§
40040,30892,ð§,ð§
40040,30893,ð§,ð§
40040,30894,ð§,ð§
40040,30895,ð§,ð§
40041,30896,ð§,ð§
40041,30897,ð§,ð§
40041,30898,ð§,ð§
40041,30899,ð§,ð§
40041,30900,ð§,ð§
40041,30901,ð§,ð§
40041,30902,ð§,ð§
40041,30903,ð§,ð§
40041,30904,ð§,ð§
40041,30905,ð§,ð§
40041,30906,ð§,ð§
40041,30907,ð§,ð§
40041,30908,ð§,ð§
40041,30909,ð§,ð§
40041,30910,ð§,ð§
40041,30911,ð§,ð§
40042,30912,ð§,ð§
40042,30913,ð§,ð§
40042,30914,ð§,ð§
40042,30915,ð§,ð§
40042,30916,ð§,ð§
40042,30917,ð§,ð§
40042,30918,ð§,ð§
40042,30919,ð§,ð§
40042,30920,ð§,ð§
40042,30921,ð§,ð§
40042,30922,ð§,ð§
40043,30923,ð§,ð§
40043,30924,ð§,ð§
40043,30925,ð§,ð§
40043,30926,ð§,ð§
40043,30927,ð§,ð§
40043,30928,ð§,ð§
40043,30929,ð§,ð§
40043,30930,ð§,ð§
40043,30931,ð§,ð§
40043,30932,ð§,ð§
40043,30933,ð§,ð§
40043,30934,ð§,ð§
40043,30935,ð§,ð§
40043,30936,ð§,ð§
40043,30937,ð§,ð§
40043,30938,ð§,ð§
40043,30939,ð§,ð§
40043,30940,ð§,ð§
40043,30941,ð§,ð§
40043,30942,ð§,ð§
40043,30943,ð§,ð§
40043,30944,ð§,ð§
40043,30945,ð§,ð§
40043,30946,ð§,ð§
40043,30947,ð§,ð§
40038,30948,ð§,ð§
40038,30949,ð§,ð§
40038,30950,ð§,ð§
40038,30951,ð§,ð§
40038,30952,ð§,ð§
40038,30953,ð§,ð§
40038,30954,ð§,ð§
40038,30955,ð§,ð§
40038,30956,ð§,ð§
40038,30957,ð§,ð§
40038,30958,ð§,ð§
40038,30959,ð§,ð§
40038,30960,ð§,ð§
40044,30961,ð§,ð§
40044,30962,ð§,ð§
40044,30963,ð§,ð§
40044,30964,ð§,ð§
40044,30965,ð§,ð§
40044,30966,ð§,ð§
40044,30967,ð§,ð§
40045,30968,ð§,ð§
40045,30440,ð§,ð§
40045,30969,ð§,ð§
40045,30970,ð§,ð§
40045,30971,ð§,ð§
40045,30972,ð§,ð§
40045,30973,ð§,ð§
40045,30974,ð§,ð§
40045,30975,ð§,ð§
40045,30976,ð§,ð§
40045,30977,ð§,ð§
40045,30978,ð§,ð§
40045,30979,ð§,ð§
40045,30910,ð§,ð§
40045,30980,ð§,ð§
40046,30981,ð§,ð§
40046,30982,ð§,ð§
40046,30983,ð§,ð§
40046,30015,ð§,ð§
40046,30984,ð§,ð§
40046,30985,ð§,ð§
40046,30986,ð§,ð§
40046,30987,ð§,ð§
40046,30988,ð§,ð§
40046,30989,ð§,ð§
40046,30990,ð§,ð§
40046,30991,ð§,ð§
40046,30992,ð§,ð§
40046,30993,ð§,ð§
40046,30994,ð§,ð§
40046,30995,ð§,ð§
40046,30996,ð§,ð§
40046,30997,ð§,ð§
40046,30998,ð§,ð§
40046,30999,ð§,ð§
40046,31000,ð§,ð§
40046,31001,ð§,ð§
40046,31002,ð§,ð§
40046,31003,ð§,ð§
40046,31004,ð§,ð§
40046,31005,ð§,ð§
40046,31006,ð§,ð§
40046,31007,ð§,ð§
40047,31008,ð§,ð§
40047,31009,ð§,ð§
40047,31010,ð§,ð§
40048,30785,ð§,ð§
40048,30422,ð§,ð§
40048,31011,ð§,ð§
40048,31012,ð§,ð§
40048,31013,ð§,ð§
40048,31014,ð§,ð§
40048,31015,ð§,ð§
40048,31016,ð§,ð§
40048,31017,ð§,ð§
40048,31018,ð§,ð§
40048,31019,ð§,ð§
40048,31020,ð§,ð§
40048,31021,ð§,ð§
40048,31022,ð§,ð§
40048,31023,ð§,ð§
40048,31024,ð§,ð§
40049,30948,ð§,ð§
40049,31025,ð§,ð§
40049,31026,ð§,ð§
40049,31027,ð§,ð§
40049,31028,ð§,ð§
40049,31029,ð§,ð§
40049,31030,ð§,ð§
40049,31031,ð§,ð§
40049,30919,ð§,ð§
40049,31032,ð§,ð§
40049,30655,ð§,ð§
40049,31033,ð§,ð§
40049,31034,ð§,ð§
40049,31035,ð§,ð§
40050,31036,ð§,ð§
40050,31037,ð§,ð§
40050,30643,ð§,ð§
40050,31038,ð§,ð§
40050,31039,ð§,ð§
40050,30265,ð§,ð§
40050,31040,ð§,ð§
40050,30657,ð§,ð§
40050,31041,ð§,ð§
40050,31042,ð§,ð§
40050,31043,ð§,ð§
40050,31044,ð§,ð§
40050,31045,ð§,ð§
40050,31046,ð§,ð§
40050,31047,ð§,ð§
40050,31048,ð§,ð§
40050,31049,ð§,ð§
40051,31050,ð§,ð§
40051,31051,ð§,ð§
40051,31052,ð§,ð§
40051,31053,ð§,ð§
40051,31054,ð§,ð§
40051,31055,ð§,ð§
40051,31056,ð§,ð§
40051,31057,ð§,ð§
40051,31058,ð§,ð§
40051,31059,ð§,ð§
40051,31060,ð§,ð§
40051,31061,ð§,ð§
40051,31062,ð§,ð§
40051,31063,ð§,ð§
40051,31064,ð§,ð§
40051,31065,ð§,ð§
40051,31066,ð§,ð§
40051,31067,ð§,ð§
40051,31068,ð§,ð§
40052,31069,ð§,ð§
40052,31070,ð§,ð§
40052,31071,ð§,ð§
40052,31072,ð§,ð§
40052,31073,ð§,ð§
40052,31074,ð§,ð§
40053,31075,ð§,ð§
40053,31076,ð§,ð§
40053,31077,ð§,ð§
40053,31078,ð§,ð§
40053,31079,ð§,ð§
40053,30783,ð§,ð§
40053,31080,ð§,ð§
40053,31081,ð§,ð§
40053,31082,ð§,ð§
40053,31083,ð§,ð§
40053,31084,ð§,ð§
40053,31085,ð§,ð§
40053,31086,ð§,ð§
40010,31087,ð§,ð§
40010,31088,ð§,ð§
40010,31089,ð§,ð§
40010,31090,ð§,ð§
40010,31091,ð§,ð§
40010,31092,ð§,ð§
40010,31093,ð§,ð§
40010,31094,ð§,ð§
40010,31095,ð§,ð§
40010,31096,ð§,ð§
40010,31097,ð§,ð§
40010,31098,ð§,ð§
40007,31099,ð§,ð§
40007,31100,ð§,ð§
40007,31101,ð§,ð§
40007,31102,ð§,ð§
40007,31103,ð§,ð§
40007,31104,ð§,ð§
40007,31105,ð§,ð§
40007,31106,ð§,ð§
40007,31107,ð§,ð§
40007,31108,ð§,ð§
40007,31109,ð§,ð§
40007,31110,ð§,ð§
40007,31111,ð§,ð§
40007,31112,ð§,ð§
40007,31113,ð§,ð§
40007,31114,ð§,ð§
40007,31115,ð§,ð§
40007,31116,ð§,ð§
40007,31117,ð§,ð§
40007,31118,ð§,ð§
40007,31119,ð§,ð§
40007,31120,ð§,ð§
40007,31121,ð§,ð§
40007,31122,ð§,ð§
40007,31123,ð§,ð§
40007,31124,ð§,ð§
40007,31125,ð§,ð§
40007,31126,ð§,ð§
40054,31127,ð§,ð§
40054,31128,ð§,ð§
40054,31129,ð§,ð§
40054,31130,ð§,ð§
40054,31131,ð§,ð§
40055,30902,ð§,ð§
40055,31132,ð§,ð§
40055,31133,ð§,ð§
40055,31134,ð§,ð§
40055,31135,ð§,ð§
40055,31136,ð§,ð§
40055,31137,ð§,ð§
40055,31138,ð§,ð§
40055,31139,ð§,ð§
40055,31140,ð§,ð§
40055,31141,ð§,ð§
40055,31142,ð§,ð§
40056,30981,ð§,ð§
40056,31143,ð§,ð§
40056,30195,ð§,ð§
40056,31144,ð§,ð§
40056,31145,ð§,ð§
40056,31146,ð§,ð§
40057,31147,ð§,ð§
40057,31148,ð§,ð§
40057,31149,ð§,ð§
40057,31150,ð§,ð§
40057,31151,ð§,ð§
40057,31152,ð§,ð§
40057,31153,ð§,ð§
40057,31154,ð§,ð§
40004,30002,ð§,ð§
40004,31155,ð§,ð§
40004,31028,ð§,ð§
40004,31156,ð§,ð§
40004,31157,ð§,ð§
40004,31158,ð§,ð§
40004,31159,ð§,ð§
40004,31160,ð§,ð§
40004,31161,ð§,ð§
40004,31162,ð§,ð§
40004,31163,ð§,ð§
40004,31164,ð§,ð§
40004,31165,ð§,ð§
40004,31166,ð§,ð§
40004,31167,ð§,ð§
40004,31168,ð§,ð§
40058,31133,ð§,ð§
40058,30321,ð§,ð§
40058,31169,ð§,ð§
40058,31170,ð§,ð§
40058,31171,ð§,ð§
40058,31172,ð§,ð§
40058,31173,ð§,ð§
40058,31174,ð§,ð§
40058,31175,ð§,ð§
40058,31176,ð§,ð§
40058,31177,ð§,ð§
40058,31178,ð§,ð§
40058,31179,ð§,ð§
40047,31180,ð§,ð§
40047,31181,ð§,ð§
40047,31182,ð§,ð§
40047,31183,ð§,ð§
40059,30135,ð§,ð§
40059,31184,ð§,ð§
40059,31185,ð§,ð§
40059,31186,ð§,ð§
40059,31187,ð§,ð§
40059,31188,ð§,ð§
40059,31189,ð§,ð§
40059,31190,ð§,ð§
40059,31191,ð§,ð§
40059,31192,ð§,ð§
40059,31193,ð§,ð§
40059,31194,ð§,ð§
40059,31195,ð§,ð§
40059,31196,ð§,ð§
40059,31197,ð§,ð§
40059,31198,ð§,ð§
40059,31199,ð§,ð§
40059,31200,ð§,ð§
40059,31201,ð§,ð§
40059,31202,ð§,ð§
40059,31203,ð§,ð§
40059,31204,ð§,ð§
40059,31205,ð§,ð§
40059,31206,ð§,ð§
40059,31207,ð§,ð§
40059,31208,ð§,ð§
40059,31209,ð§,ð§
40059,31210,ð§,ð§
40059,31211,ð§,ð§
40059,31212,ð§,ð§
40059,31213,ð§,ð§
40059,31214,ð§,ð§
40059,31215,ð§,ð§
40059,31216,ð§,ð§
40059,31217,ð§,ð§
40059,31218,ð§,ð§
40059,31219,ð§,ð§
40060,30255,ð§,ð§
40060,31220,ð§,ð§
40060,30259,ð§,ð§
40060,30256,ð§,ð§
40060,31221,ð§,ð§
40060,31222,ð§,ð§
40060,31223,ð§,ð§
40060,31224,ð§,ð§
40060,31225,ð§,ð§
40060,31226,ð§,ð§
40039,31227,ð§,ð§
40039,31228,ð§,ð§
40039,31229,ð§,ð§
40039,31230,ð§,ð§
40039,31231,ð§,ð§
40039,31232,ð§,ð§
40039,31233,ð§,ð§
40039,31234,ð§,ð§
40039,31235,ð§,ð§
40039,31236,ð§,ð§
40039,31237,ð§,ð§
40039,31238,ð§,ð§
40039,31239,ð§,ð§
40039,31240,ð§,ð§
40039,31241,ð§,ð§
40046,31242,ð§,ð§
40046,31243,ð§,ð§
40046,31244,ð§,ð§
40046,31245,ð§,ð§
40046,30267,ð§,ð§
40046,31246,ð§,ð§
40046,31247,ð§,ð§
40046,31248,ð§,ð§
40046,31249,ð§,ð§
40046,31250,ð§,ð§
40046,31251,ð§,ð§
40046,31252,ð§,ð§
40046,31253,ð§,ð§
40046,31254,ð§,ð§
40046,31255,ð§,ð§
40046,30400,ð§,ð§
40046,31256,ð§,ð§
40046,31257,ð§,ð§
40014,31011,ð§,ð§
40014,31258,ð§,ð§
40014,31259,ð§,ð§
40014,31260,ð§,ð§
40014,31261,ð§,ð§
40014,31262,ð§,ð§
40014,31251,ð§,ð§
40014,31263,ð§,ð§
40014,31264,ð§,ð§
40014,31265,ð§,ð§
40014,31266,ð§,ð§
40014,31267,ð§,ð§
40014,31268,ð§,ð§
40014,31269,ð§,ð§
40061,31270,ð§,ð§
40061,31271,ð§,ð§
40061,31272,ð§,ð§
40061,31273,ð§,ð§
40061,31274,ð§,ð§
40061,31275,ð§,ð§
40061,31276,ð§,ð§
40061,31277,ð§,ð§
40061,31278,ð§,ð§
40061,31279,ð§,ð§
40061,31280,ð§,ð§
40061,31281,ð§,ð§
40061,31282,ð§,ð§
40061,31283,ð§,ð§
40061,31284,ð§,ð§
40061,31285,ð§,ð§
40013,31009,ð§,ð§
40013,31180,ð§,ð§
40013,31008,ð§,ð§
40013,31286,ð§,ð§
40013,31287,ð§,ð§
40013,31288,ð§,ð§
40013,31289,ð§,ð§
40013,31290,ð§,ð§
40013,30760,ð§,ð§
40013,31291,ð§,ð§
40013,31292,ð§,ð§
40062,31293,ð§,ð§
40062,31294,ð§,ð§
40062,31295,ð§,ð§
40062,31296,ð§,ð§
40062,31297,ð§,ð§
40062,31298,ð§,ð§
40062,31299,ð§,ð§
40062,31300,ð§,ð§
40062,31301,ð§,ð§
40062,31302,ð§,ð§
40062,31303,ð§,ð§
40063,31304,ð§,ð§
40063,31289,ð§,ð§
40063,31305,ð§,ð§
40063,31306,ð§,ð§
40063,31307,ð§,ð§
40063,31308,ð§,ð§
40063,31309,ð§,ð§
40063,31310,ð§,ð§
40064,30424,ð§,ð§
40064,31311,ð§,ð§
40064,31312,ð§,ð§
40064,31313,ð§,ð§
40064,31314,ð§,ð§
40064,31315,ð§,ð§
40064,31316,ð§,ð§
40064,31317,ð§,ð§
40064,31318,ð§,ð§
40064,31319,ð§,ð§
40064,31320,ð§,ð§
40064,31321,ð§,ð§
40064,31322,ð§,ð§
40064,31323,ð§,ð§
40064,31324,ð§,ð§
40064,30580,ð§,ð§
40064,31325,ð§,ð§
40065,31231,ð§,ð§
40065,31326,ð§,ð§
40065,31327,ð§,ð§
40065,31328,ð§,ð§
40065,31329,ð§,ð§
40066,31330,ð§,ð§
40066,31331,ð§,ð§
40066,31332,ð§,ð§
40066,31333,ð§,ð§
40066,31334,ð§,ð§
40066,31335,ð§,ð§
40066,31336,ð§,ð§
40066,31337,ð§,ð§
40066,31338,ð§,ð§
40066,31339,ð§,ð§
40066,31340,ð§,ð§
40066,31341,ð§,ð§
40066,31342,ð§,ð§
40067,31343,ð§,ð§
40067,31344,ð§,ð§
40067,31345,ð§,ð§
40067,31346,ð§,ð§
40067,31347,ð§,ð§
40067,31348,ð§,ð§
40067,31349,ð§,ð§
40067,31350,ð§,ð§
40068,31351,ð§,ð§
40068,31352,ð§,ð§
40068,31353,ð§,ð§
40068,31354,ð§,ð§
40068,31355,ð§,ð§
40068,31356,ð§,ð§
40068,31357,ð§,ð§
40068,31358,ð§,ð§
40068,31359,ð§,ð§
40068,31360,ð§,ð§
40068,31361,ð§,ð§
40068,31362,ð§,ð§
40069,31363,ð§,ð§
40069,31364,ð§,ð§
40069,31365,ð§,ð§
40069,31366,ð§,ð§
40069,30313,ð§,ð§
40069,31367,ð§,ð§
40069,31368,ð§,ð§
40069,31369,ð§,ð§
40069,31370,ð§,ð§
40069,31371,ð§,ð§
40069,31372,ð§,ð§
40069,31373,ð§,ð§
40069,31374,ð§,ð§
40069,31375,ð§,ð§
40069,31376,ð§,ð§
40069,31377,ð§,ð§
40069,31378,ð§,ð§
40070,31008,ð§,ð§
40070,31288,ð§,ð§
40070,31379,ð§,ð§
40070,31380,ð§,ð§
40070,31381,ð§,ð§
40070,31382,ð§,ð§
40070,31383,ð§,ð§
40070,31384,ð§,ð§
40071,31385,ð§,ð§
40071,31303,ð§,ð§
40071,31386,ð§,ð§
40071,31387,ð§,ð§
40010,31388,ð§,ð§
40010,31389,ð§,ð§
40010,31390,ð§,ð§
40010,31391,ð§,ð§
40010,31392,ð§,ð§
40010,31393,ð§,ð§
40010,31394,ð§,ð§
40010,31395,ð§,ð§
40010,31396,ð§,ð§
40010,31397,ð§,ð§
40010,31398,ð§,ð§
40010,31399,ð§,ð§
40010,31400,ð§,ð§
40010,31401,ð§,ð§
40072,30643,ð§,ð§
40072,31402,ð§,ð§
40072,31403,ð§,ð§
40072,31404,ð§,ð§
40072,31405,ð§,ð§
40072,31406,ð§,ð§
40072,31407,ð§,ð§
40072,31408,ð§,ð§
40072,30815,ð§,ð§
40072,31409,ð§,ð§
40072,31410,ð§,ð§
40072,31411,ð§,ð§
40072,31412,ð§,ð§
40072,31413,ð§,ð§
40072,31414,ð§,ð§
40072,31415,ð§,ð§
40072,31416,ð§,ð§
40072,31417,ð§,ð§
40072,31418,ð§,ð§
40072,31419,ð§,ð§
40072,30594,ð§,ð§
40072,31420,ð§,ð§
40072,31421,ð§,ð§
40072,31422,ð§,ð§
40072,31423,ð§,ð§
40072,31424,ð§,ð§
40073,31425,ð§,ð§
40073,31426,ð§,ð§
40073,31427,ð§,ð§
40073,31428,ð§,ð§
40073,31429,ð§,ð§
40073,31430,ð§,ð§
40073,31431,ð§,ð§
40073,31432,ð§,ð§
40064,31433,ð§,ð§
40064,31434,ð§,ð§
40064,31435,ð§,ð§
40064,31436,ð§,ð§
40064,31437,ð§,ð§
40064,31438,ð§,ð§
40064,31439,ð§,ð§
40064,31440,ð§,ð§
40074,31441,ð§,ð§
40074,31442,ð§,ð§
40074,31443,ð§,ð§
40074,31444,ð§,ð§
40074,31445,ð§,ð§
40074,31446,ð§,ð§
40074,31447,ð§,ð§
40074,31448,ð§,ð§
40074,31449,ð§,ð§
40074,30862,ð§,ð§
40038,31450,ð§,ð§
40038,31451,ð§,ð§
40038,31452,ð§,ð§
40038,31453,ð§,ð§
40038,31454,ð§,ð§
40038,31455,ð§,ð§
40038,31076,ð§,ð§
40038,31456,ð§,ð§
40038,31457,ð§,ð§
40038,31458,ð§,ð§
40038,31459,ð§,ð§
40038,31460,ð§,ð§
40038,31461,ð§,ð§
40038,31462,ð§,ð§
40038,31463,ð§,ð§
40038,31464,ð§,ð§
40038,31465,ð§,ð§
40038,31466,ð§,ð§
40038,31467,ð§,ð§
40038,31468,ð§,ð§
40038,31469,ð§,ð§
40038,31470,ð§,ð§
40038,31471,ð§,ð§
40038,31472,ð§,ð§
40038,31473,ð§,ð§
40038,31474,ð§,ð§
40038,31475,ð§,ð§
40038,31476,ð§,ð§
40038,31477,ð§,ð§
40038,31478,ð§,ð§
40038,31479,ð§,ð§
40038,31480,ð§,ð§
40038,31481,ð§,ð§
40038,31482,ð§,ð§
40038,31483,ð§,ð§
40038,31484,ð§,ð§
40038,31485,ð§,ð§
40038,31486,ð§,ð§
40038,31487,ð§,ð§
40038,31488,ð§,ð§
40038,31489,ð§,ð§
40038,31490,ð§,ð§
40038,31491,ð§,ð§
40038,31492,ð§,ð§
40038,31493,ð§,ð§
40038,31494,ð§,ð§
40038,31495,ð§,ð§
40038,31496,ð§,ð§
40038,31497,ð§,ð§
40038,31498,ð§,ð§
40075,30746,ð§,ð§
40075,30747,ð§,ð§
40075,30748,ð§,ð§
40075,30267,ð§,ð§
40075,31036,ð§,ð§
40075,30749,ð§,ð§
40075,30750,ð§,ð§
40075,30751,ð§,ð§
40075,30756,ð§,ð§
40075,30755,ð§,ð§
40075,31499,ð§,ð§
40075,31500,ð§,ð§
40075,31501,ð§,ð§
40075,31502,ð§,ð§
40075,31503,ð§,ð§
40075,31504,ð§,ð§
40075,31505,ð§,ð§
40075,31506,ð§,ð§
40075,30496,ð§,ð§
40075,31056,ð§,ð§
40075,30006,ð§,ð§
40075,31507,ð§,ð§
40075,31508,ð§,ð§
40075,31509,ð§,ð§
40075,31510,ð§,ð§
40075,31511,ð§,ð§
40075,30754,ð§,ð§
40075,31512,ð§,ð§
40075,31513,ð§,ð§
40076,30332,ð§,ð§
40076,31514,ð§,ð§
40076,31515,ð§,ð§
40076,31516,ð§,ð§
40076,31517,ð§,ð§
40076,31518,ð§,ð§
40076,31519,ð§,ð§
40076,31520,ð§,ð§
40076,31521,ð§,ð§
40077,31522,ð§,ð§
40077,31523,ð§,ð§
40077,31524,ð§,ð§
40077,31525,ð§,ð§
40077,30333,ð§,ð§
40077,31526,ð§,ð§
40077,31527,ð§,ð§
40077,31528,ð§,ð§
40078,31529,ð§,ð§
40078,31530,ð§,ð§
40078,31531,ð§,ð§
40078,30866,ð§,ð§
40078,31532,ð§,ð§
40078,31337,ð§,ð§
40078,31533,ð§,ð§
40078,31534,ð§,ð§
40078,31535,ð§,ð§
40078,31536,ð§,ð§
40078,31537,ð§,ð§
40078,31538,ð§,ð§
40078,31539,ð§,ð§
40078,31540,ð§,ð§
40078,31541,ð§,ð§
40078,31542,ð§,ð§
40078,31543,ð§,ð§
40078,31544,ð§,ð§
40079,31545,ð§,ð§
40079,30310,ð§,ð§
40079,31546,ð§,ð§
40079,31547,ð§,ð§
40079,31548,ð§,ð§
40079,31549,ð§,ð§
40079,31550,ð§,ð§
40080,31551,ð§,ð§
40080,31552,ð§,ð§
40080,31553,ð§,ð§
40080,31554,ð§,ð§
40080,31555,ð§,ð§
40080,31556,ð§,ð§
40081,30255,ð§,ð§
40081,30067,ð§,ð§
40081,31557,ð§,ð§
40081,31558,ð§,ð§
40081,31559,ð§,ð§
40081,31560,ð§,ð§
40081,31561,ð§,ð§
40081,31562,ð§,ð§
40081,31563,ð§,ð§
40081,31564,ð§,ð§
40081,31565,ð§,ð§
40081,31566,ð§,ð§
40081,30258,ð§,ð§
40081,31567,ð§,ð§
40081,31568,ð§,ð§
40081,30264,ð§,ð§
40081,31569,ð§,ð§
40081,31570,ð§,ð§
40001,31571,ð§,ð§
40001,31156,ð§,ð§
40001,31572,ð§,ð§
40001,31248,ð§,ð§
40001,31573,ð§,ð§
40001,31574,ð§,ð§
40001,31575,ð§,ð§
40001,31576,ð§,ð§
40001,31577,ð§,ð§
40001,31578,ð§,ð§
40001,31579,ð§,ð§
40001,30660,ð§,ð§
40001,31580,ð§,ð§
40001,31581,ð§,ð§
40082,31476,ð§,ð§
40082,31582,ð§,ð§
40082,31583,ð§,ð§
40082,31336,ð§,ð§
40082,31584,ð§,ð§
40082,31585,ð§,ð§
40082,31586,ð§,ð§
40082,31587,ð§,ð§
40082,31588,ð§,ð§
40082,31589,ð§,ð§
40082,31590,ð§,ð§
40082,31591,ð§,ð§
40082,31592,ð§,ð§
40082,31593,ð§,ð§
40082,31594,ð§,ð§
40012,31595,ð§,ð§
40012,31596,ð§,ð§
40012,31597,ð§,ð§
40012,31255,ð§,ð§
40012,31598,ð§,ð§
40012,31599,ð§,ð§
40012,31600,ð§,ð§
40012,31593,ð§,ð§
40012,31601,ð§,ð§
40012,31602,ð§,ð§
40012,31603,ð§,ð§
40012,31604,ð§,ð§
40083,31605,ð§,ð§
40083,31606,ð§,ð§
40083,31607,ð§,ð§
40083,31608,ð§,ð§
40083,31609,ð§,ð§
40083,31610,ð§,ð§
40083,31611,ð§,ð§
40083,31567,ð§,ð§
40083,31612,ð§,ð§
40083,31308,ð§,ð§
40083,31613,ð§,ð§
40083,31614,ð§,ð§
40083,31615,ð§,ð§
40083,31616,ð§,ð§
40083,31617,ð§,ð§
40083,31618,ð§,ð§
40083,31619,ð§,ð§
40083,31620,ð§,ð§
40083,31621,ð§,ð§
40083,31622,ð§,ð§
40084,31623,ð§,ð§
40084,31624,ð§,ð§
40084,31625,ð§,ð§
40084,31626,ð§,ð§
40084,31627,ð§,ð§
40084,31628,ð§,ð§
40084,31629,ð§,ð§
40084,31630,ð§,ð§
40084,31631,ð§,ð§
40084,31632,ð§,ð§
40084,31633,ð§,ð§
40084,31634,ð§,ð§
40084,31635,ð§,ð§
40084,31636,ð§,ð§
40084,31637,ð§,ð§
40085,31638,ð§,ð§
40085,31639,ð§,ð§
40085,31640,ð§,ð§
40085,31641,ð§,ð§
40085,31642,ð§,ð§
40085,31643,ð§,ð§
40085,31644,ð§,ð§
40086,30785,ð§,ð§
40086,31645,ð§,ð§
40086,31646,ð§,ð§
40086,30914,ð§,ð§
40086,31647,ð§,ð§
40086,31648,ð§,ð§
40086,31243,ð§,ð§
40086,31649,ð§,ð§
40086,31650,ð§,ð§
40086,30797,ð§,ð§
40086,31651,ð§,ð§
40086,31652,ð§,ð§
40086,31653,ð§,ð§
40086,31654,ð§,ð§
40086,31655,ð§,ð§
40087,31656,ð§,ð§
40087,31657,ð§,ð§
40087,31508,ð§,ð§
40087,31144,ð§,ð§
40087,31577,ð§,ð§
40087,31658,ð§,ð§
40087,31659,ð§,ð§
40087,31660,ð§,ð§
40087,31661,ð§,ð§
40087,30749,ð§,ð§
40087,31662,ð§,ð§
40087,31663,ð§,ð§
40087,30575,ð§,ð§
40087,31664,ð§,ð§
40087,31665,ð§,ð§
40087,31666,ð§,ð§
40087,31667,ð§,ð§
40087,31668,ð§,ð§
40088,31669,ð§,ð§
40088,31670,ð§,ð§
40088,31671,ð§,ð§
40088,31672,ð§,ð§
40088,31673,ð§,ð§
40088,31674,ð§,ð§
40088,31675,ð§,ð§
40088,31676,ð§,ð§
40088,31677,ð§,ð§
40088,31678,ð§,ð§
40088,31679,ð§,ð§
40088,31680,ð§,ð§
40088,31681,ð§,ð§
40088,31682,ð§,ð§
40088,31683,ð§,ð§
40088,31684,ð§,ð§
40089,31685,ð§,ð§
40089,31686,ð§,ð§
40089,31687,ð§,ð§
40089,31688,ð§,ð§
40089,31689,ð§,ð§
40089,31690,ð§,ð§
40089,31691,ð§,ð§
40089,31692,ð§,ð§
40004,31693,ð§,ð§
40004,31694,ð§,ð§
40090,30759,ð§,ð§
40090,31695,ð§,ð§
40090,31008,ð§,ð§
40090,31696,ð§,ð§
40090,31697,ð§,ð§
40090,31698,ð§,ð§
40090,31699,ð§,ð§
40090,31700,ð§,ð§
40090,31701,ð§,ð§
40090,31702,ð§,ð§
40090,31703,ð§,ð§
40091,31704,ð§,ð§
40091,31705,ð§,ð§
40091,31706,ð§,ð§
40091,31707,ð§,ð§
40091,31708,ð§,ð§
40047,31287,ð§,ð§
40047,31289,ð§,ð§
40047,30760,ð§,ð§
40047,31290,ð§,ð§
40047,31709,ð§,ð§
40047,31710,ð§,ð§
40092,31711,ð§,ð§
40092,31712,ð§,ð§
40092,31713,ð§,ð§
40092,31714,ð§,ð§
40092,31715,ð§,ð§
40092,31716,ð§,ð§
40092,30082,ð§,ð§
40092,31717,ð§,ð§
40092,31718,ð§,ð§
40092,31719,ð§,ð§
40092,31720,ð§,ð§
40093,30493,ð§,ð§
40093,31721,ð§,ð§
40093,31722,ð§,ð§
40093,31723,ð§,ð§
40093,30982,ð§,ð§
40093,31724,ð§,ð§
40093,31725,ð§,ð§
40093,31726,ð§,ð§
40093,31727,ð§,ð§
40093,31728,ð§,ð§
40093,31729,ð§,ð§
40093,31730,ð§,ð§
40093,31731,ð§,ð§
40093,31732,ð§,ð§
40093,31733,ð§,ð§
40093,31734,ð§,ð§
40093,31735,ð§,ð§
40093,31736,ð§,ð§
40093,31737,ð§,ð§
40093,31738,ð§,ð§
40093,31739,ð§,ð§
40093,31740,ð§,ð§
40093,31741,ð§,ð§
40093,31742,ð§,ð§
40001,31743,ð§,ð§
40001,30704,ð§,ð§
40001,30707,ð§,ð§
40001,31744,ð§,ð§
40001,31745,ð§,ð§
40001,31746,ð§,ð§
40001,31747,ð§,ð§
40001,31748,ð§,ð§
40001,31749,ð§,ð§
40001,30980,ð§,ð§
40001,31750,ð§,ð§
40001,31751,ð§,ð§
40001,31752,ð§,ð§
40044,31753,ð§,ð§
40044,31075,ð§,ð§
40044,31754,ð§,ð§
40044,30199,ð§,ð§
40044,31755,ð§,ð§
40044,31756,ð§,ð§
40044,31757,ð§,ð§
40044,31758,ð§,ð§
40044,31759,ð§,ð§
40044,31760,ð§,ð§
40044,31761,ð§,ð§
40044,31762,ð§,ð§
40044,31763,ð§,ð§
40094,31144,ð§,ð§
40094,31764,ð§,ð§
40094,31765,ð§,ð§
40094,31766,ð§,ð§
40094,31767,ð§,ð§
40094,31258,ð§,ð§
40094,31768,ð§,ð§
40094,31769,ð§,ð§
40094,31770,ð§,ð§
40094,31771,ð§,ð§
40094,31772,ð§,ð§
40094,31773,ð§,ð§
40094,31062,ð§,ð§
40094,31774,ð§,ð§
40094,31775,ð§,ð§
40094,31776,ð§,ð§
40094,31777,ð§,ð§
40094,31778,ð§,ð§
40095,31779,ð§,ð§
40095,31780,ð§,ð§
40095,31781,ð§,ð§
40095,31782,ð§,ð§
40095,31783,ð§,ð§
40095,31784,ð§,ð§
40095,31785,ð§,ð§
40095,31786,ð§,ð§
40095,31787,ð§,ð§
40095,31788,ð§,ð§
40095,31789,ð§,ð§
40095,31790,ð§,ð§
40095,31791,ð§,ð§
40095,31792,ð§,ð§
40095,31793,ð§,ð§
40095,31794,ð§,ð§
40095,31795,ð§,ð§
40095,31796,ð§,ð§
40087,31501,ð§,ð§
40087,31797,ð§,ð§
40087,31798,ð§,ð§
40087,31799,ð§,ð§
40087,31800,ð§,ð§
40087,31801,ð§,ð§
40087,31773,ð§,ð§
40087,31802,ð§,ð§
40087,31803,ð§,ð§
40087,31804,ð§,ð§
40087,31805,ð§,ð§
40087,31806,ð§,ð§
40087,31807,ð§,ð§
40087,31808,ð§,ð§
40087,31809,ð§,ð§
40087,31810,ð§,ð§
40087,31811,ð§,ð§
40087,31812,ð§,ð§
40087,31813,ð§,ð§
40087,31814,ð§,ð§
40087,31815,ð§,ð§
40087,31816,ð§,ð§
40087,31817,ð§,ð§
40087,31818,ð§,ð§
40087,31819,ð§,ð§
40087,31820,ð§,ð§
40087,31821,ð§,ð§
40087,31822,ð§,ð§
40087,31823,ð§,ð§
40087,31824,ð§,ð§
40087,31825,ð§,ð§
40087,31826,ð§,ð§
40087,31827,ð§,ð§
40087,31828,ð§,ð§
40087,31829,ð§,ð§
40087,31830,ð§,ð§
40096,31831,ð§,ð§
40096,31832,ð§,ð§
40096,31833,ð§,ð§
40096,31834,ð§,ð§
40096,31835,ð§,ð§
40096,31836,ð§,ð§
40096,31837,ð§,ð§
40096,31838,ð§,ð§
40096,31839,ð§,ð§
40096,31840,ð§,ð§
40096,31841,ð§,ð§
40096,31842,ð§,ð§
40096,31843,ð§,ð§
40096,31844,ð§,ð§
40096,31845,ð§,ð§
40096,31846,ð§,ð§
40096,31847,ð§,ð§
40090,31848,ð§,ð§
40090,31849,ð§,ð§
40090,31850,ð§,ð§
40090,31851,ð§,ð§
40090,31852,ð§,ð§
40097,31853,ð§,ð§
40097,31854,ð§,ð§
40097,31855,ð§,ð§
40097,31601,ð§,ð§
40025,31856,ð§,ð§
40025,31857,ð§,ð§
40025,31858,ð§,ð§
40025,31859,ð§,ð§
40025,31860,ð§,ð§
40025,31861,ð§,ð§
40025,31862,ð§,ð§
40025,31863,ð§,ð§
40025,31864,ð§,ð§
40025,31865,ð§,ð§
40025,31866,ð§,ð§
40098,31867,ð§,ð§
40098,30952,ð§,ð§
40098,30270,ð§,ð§
40098,31868,ð§,ð§
40098,31869,ð§,ð§
40098,31870,ð§,ð§
40098,31871,ð§,ð§
40098,31872,ð§,ð§
40098,31873,ð§,ð§
40098,31874,ð§,ð§
40098,31875,ð§,ð§
40098,31876,ð§,ð§
40098,31877,ð§,ð§
40024,30778,ð§,ð§
40024,31878,ð§,ð§
40024,31879,ð§,ð§
40024,31880,ð§,ð§
40024,31881,ð§,ð§
40024,31882,ð§,ð§
40099,31883,ð§,ð§
40099,31884,ð§,ð§
40099,31885,ð§,ð§
40099,31886,ð§,ð§
40099,30016,ð§,ð§
40100,31887,ð§,ð§
40100,31888,ð§,ð§
40100,31889,ð§,ð§
40100,31890,ð§,ð§
40100,31891,ð§,ð§
40100,31892,ð§,ð§
40100,31893,ð§,ð§
40100,31894,ð§,ð§
40100,31895,ð§,ð§
40100,31896,ð§,ð§
40100,31897,ð§,ð§
40100,31898,ð§,ð§
40100,31899,ð§,ð§
40100,31900,ð§,ð§
40047,31901,ð§,ð§
40047,31902,ð§,ð§
40047,31903,ð§,ð§
40047,31904,ð§,ð§
40047,31905,ð§,ð§
40047,31906,ð§,ð§
40101,31014,ð§,ð§
40101,31907,ð§,ð§
40101,31028,ð§,ð§
40101,31908,ð§,ð§
40101,31909,ð§,ð§
40101,31910,ð§,ð§
40101,31911,ð§,ð§
40101,31912,ð§,ð§
40101,31913,ð§,ð§
40101,31914,ð§,ð§
40101,31915,ð§,ð§
40101,31916,ð§,ð§
40101,31917,ð§,ð§
40101,31918,ð§,ð§
40101,31919,ð§,ð§
40101,31920,ð§,ð§
40101,31921,ð§,ð§
40101,31922,ð§,ð§
40101,31923,ð§,ð§
40101,31924,ð§,ð§
40101,31925,ð§,ð§
40101,31926,ð§,ð§
40101,31927,ð§,ð§
40101,30567,ð§,ð§
40101,31928,ð§,ð§
40101,31929,ð§,ð§
40101,31930,ð§,ð§
40101,31931,ð§,ð§
40102,31932,ð§,ð§
40102,30122,ð§,ð§
40102,30172,ð§,ð§
40102,31933,ð§,ð§
40102,31934,ð§,ð§
40102,31935,ð§,ð§
40102,31936,ð§,ð§
40102,31937,ð§,ð§
40102,31938,ð§,ð§
40103,31939,ð§,ð§
40103,31797,ð§,ð§
40103,31940,ð§,ð§
40103,31941,ð§,ð§
40103,31942,ð§,ð§
40103,31943,ð§,ð§
40103,31944,ð§,ð§
40103,31945,ð§,ð§
40103,31649,ð§,ð§
40103,31946,ð§,ð§
40104,31947,ð§,ð§
40104,31948,ð§,ð§
40104,31949,ð§,ð§
40104,31950,ð§,ð§
40104,31951,ð§,ð§
40104,31952,ð§,ð§
40104,31953,ð§,ð§
40104,31954,ð§,ð§
40104,31955,ð§,ð§
40104,31956,ð§,ð§
40104,31957,ð§,ð§
40104,31958,ð§,ð§
40104,31959,ð§,ð§
40104,31960,ð§,ð§
40104,31961,ð§,ð§
40104,31962,ð§,ð§
40104,31963,ð§,ð§
40104,31964,ð§,ð§
40104,31965,ð§,ð§
40104,31966,ð§,ð§
40104,31967,ð§,ð§
40104,31968,ð§,ð§
40104,31969,ð§,ð§
40104,31970,ð§,ð§
40104,31971,ð§,ð§
40104,31972,ð§,ð§
40104,31973,ð§,ð§
40104,31974,ð§,ð§
40104,31975,ð§,ð§
40105,31976,ð§,ð§
40105,31371,ð§,ð§
40105,31977,ð§,ð§
40105,31978,ð§,ð§
40105,31979,ð§,ð§
40105,31980,ð§,ð§
40105,31981,ð§,ð§
40105,31982,ð§,ð§
40105,31394,ð§,ð§
40105,31983,ð§,ð§
40105,31984,ð§,ð§
40105,31985,ð§,ð§
40105,31986,ð§,ð§
40105,31987,ð§,ð§
40105,31988,ð§,ð§
40105,31989,ð§,ð§
40105,31990,ð§,ð§
40105,31991,ð§,ð§
40041,31992,ð§,ð§
40041,30948,ð§,ð§
40041,31993,ð§,ð§
40041,31994,ð§,ð§
40041,31995,ð§,ð§
40041,31996,ð§,ð§
40041,31334,ð§,ð§
40041,31997,ð§,ð§
40041,31998,ð§,ð§
40041,31999,ð§,ð§
40041,32000,ð§,ð§
40041,32001,ð§,ð§
40106,32002,ð§,ð§
40012,32003,ð§,ð§
40012,32004,ð§,ð§
40012,32005,ð§,ð§
40012,32006,ð§,ð§
40012,32007,ð§,ð§
40012,31541,ð§,ð§
40012,32008,ð§,ð§
40012,32009,ð§,ð§
40012,32010,ð§,ð§
40012,32011,ð§,ð§
40012,32012,ð§,ð§
40012,32013,ð§,ð§
40012,32014,ð§,ð§
40012,32015,ð§,ð§
40012,32016,ð§,ð§
40012,32017,ð§,ð§
40012,32018,ð§,ð§
40012,32019,ð§,ð§
40012,32020,ð§,ð§
40012,32021,ð§,ð§
40012,32022,ð§,ð§
40012,32023,ð§,ð§
40107,32024,ð§,ð§
40107,32025,ð§,ð§
40107,32026,ð§,ð§
40107,32027,ð§,ð§
40107,31907,ð§,ð§
40107,32028,ð§,ð§
40107,32029,ð§,ð§
40107,32030,ð§,ð§
40107,32031,ð§,ð§
40107,32032,ð§,ð§
40107,32033,ð§,ð§
40107,32034,ð§,ð§
40107,32035,ð§,ð§
40107,32036,ð§,ð§
40107,32037,ð§,ð§
40107,32038,ð§,ð§
40107,32039,ð§,ð§
40107,32040,ð§,ð§
40108,32041,ð§,ð§
40108,32042,ð§,ð§
40108,31539,ð§,ð§
40108,32043,ð§,ð§
40108,31588,ð§,ð§
40108,31541,ð§,ð§
40108,32044,ð§,ð§
40108,32045,ð§,ð§
40108,32046,ð§,ð§
40108,32047,ð§,ð§
40108,32048,ð§,ð§
40108,30252,ð§,ð§
40108,32049,ð§,ð§
40108,32050,ð§,ð§
40108,32051,ð§,ð§
40108,32052,ð§,ð§
40108,32053,ð§,ð§
40108,32054,ð§,ð§
40108,32055,ð§,ð§
40108,32056,ð§,ð§
40108,31591,ð§,ð§
40108,32057,ð§,ð§
40108,32058,ð§,ð§
40108,32059,ð§,ð§
40108,32060,ð§,ð§
40108,32061,ð§,ð§
40108,32062,ð§,ð§
40108,32063,ð§,ð§
40108,32064,ð§,ð§
40108,32065,ð§,ð§
40108,32066,ð§,ð§
40108,32067,ð§,ð§
40108,32068,ð§,ð§
40108,32069,ð§,ð§
40108,32070,ð§,ð§
40108,32071,ð§,ð§
40108,32072,ð§,ð§
40109,32073,ð§,ð§
40109,32074,ð§,ð§
40109,32075,ð§,ð§
40109,32076,ð§,ð§
40109,32077,ð§,ð§
40109,32078,ð§,ð§
40109,32079,ð§,ð§
40109,32080,ð§,ð§
40109,32081,ð§,ð§
40109,32082,ð§,ð§
40109,32083,ð§,ð§
40109,32084,ð§,ð§
40109,32085,ð§,ð§
40109,32086,ð§,ð§
40109,32087,ð§,ð§
40109,32088,ð§,ð§
40109,32089,ð§,ð§
40109,32090,ð§,ð§
40109,32091,ð§,ð§
40109,32092,ð§,ð§
40109,32093,ð§,ð§
40109,32094,ð§,ð§
40109,32095,ð§,ð§
40109,32096,ð§,ð§
40109,32097,ð§,ð§
40109,32098,ð§,ð§
40109,32099,ð§,ð§
40109,32100,ð§,ð§
40109,32101,ð§,ð§
40109,32102,ð§,ð§
40109,32103,ð§,ð§
40109,32104,ð§,ð§
40109,32105,ð§,ð§
40109,32106,ð§,ð§
40109,32107,ð§,ð§
40109,32108,ð§,ð§
40109,32109,ð§,ð§
40109,32110,ð§,ð§
40109,32111,ð§,ð§
40109,32112,ð§,ð§
40109,32113,ð§,ð§
40109,32114,ð§,ð§
40109,32115,ð§,ð§
40109,32116,ð§,ð§
40109,30888,ð§,ð§
40109,32117,ð§,ð§
40109,32118,ð§,ð§
40109,32119,ð§,ð§
40109,32120,ð§,ð§
40109,32121,ð§,ð§
40109,32122,ð§,ð§
40109,32123,ð§,ð§
40109,32124,ð§,ð§
40110,32125,ð§,ð§
40110,32126,ð§,ð§
40110,32127,ð§,ð§
40110,32128,ð§,ð§
40111,30310,ð§,ð§
40111,32129,ð§,ð§
40111,32130,ð§,ð§
40111,32131,ð§,ð§
40111,32132,ð§,ð§
40111,32133,ð§,ð§
40111,32134,ð§,ð§
40111,32135,ð§,ð§
40111,32136,ð§,ð§
40111,32137,ð§,ð§
40111,32138,ð§,ð§
40111,32139,ð§,ð§
40111,32140,ð§,ð§
40111,32141,ð§,ð§
40111,32142,ð§,ð§
40111,32143,ð§,ð§
40112,30266,ð§,ð§
40112,30913,ð§,ð§
40112,32144,ð§,ð§
40112,30653,ð§,ð§
40112,32145,ð§,ð§
40112,32146,ð§,ð§
40112,32147,ð§,ð§
40112,32148,ð§,ð§
40112,32149,ð§,ð§
40112,32150,ð§,ð§
40112,32151,ð§,ð§
40112,32152,ð§,ð§
40112,32153,ð§,ð§
40112,32154,ð§,ð§
40112,32155,ð§,ð§
40112,30246,ð§,ð§
40112,32156,ð§,ð§
40112,32157,ð§,ð§
40112,32158,ð§,ð§
40112,32159,ð§,ð§
40112,32160,ð§,ð§
40112,32161,ð§,ð§
40112,32162,ð§,ð§
40113,32163,ð§,ð§
40113,32164,ð§,ð§
40113,32165,ð§,ð§
40113,30983,ð§,ð§
40113,32166,ð§,ð§
40113,32167,ð§,ð§
40113,31884,ð§,ð§
40114,32168,ð§,ð§
40114,32169,ð§,ð§
40114,32170,ð§,ð§
40114,32171,ð§,ð§
40114,32172,ð§,ð§
40114,32173,ð§,ð§
40114,32174,ð§,ð§
40114,32175,ð§,ð§
40114,32176,ð§,ð§
40114,32177,ð§,ð§
40114,32178,ð§,ð§
40114,32179,ð§,ð§
40114,32180,ð§,ð§
40114,32181,ð§,ð§
40114,32182,ð§,ð§
40114,32183,ð§,ð§
40114,32184,ð§,ð§
40114,32185,ð§,ð§
40114,32186,ð§,ð§
40114,32187,ð§,ð§
40114,32188,ð§,ð§
40114,32189,ð§,ð§
40114,32190,ð§,ð§
40038,31132,ð§,ð§
40038,32191,ð§,ð§
40038,32192,ð§,ð§
40038,32193,ð§,ð§
40038,31039,ð§,ð§
40038,32194,ð§,ð§
40038,31626,ð§,ð§
40038,32195,ð§,ð§
40038,32196,ð§,ð§
40038,32197,ð§,ð§
40038,32198,ð§,ð§
40038,32186,ð§,ð§
40038,32199,ð§,ð§
40038,32200,ð§,ð§
40038,32201,ð§,ð§
40069,32202,ð§,ð§
40069,32203,ð§,ð§
40069,31553,ð§,ð§
40069,32204,ð§,ð§
40069,32205,ð§,ð§
40069,32206,ð§,ð§
40069,32207,ð§,ð§
40069,32208,ð§,ð§
40069,32209,ð§,ð§
40069,32210,ð§,ð§
40069,32211,ð§,ð§
40069,32212,ð§,ð§
40069,32213,ð§,ð§
40115,32214,ð§,ð§
40115,32215,ð§,ð§
40115,32216,ð§,ð§
40115,32217,ð§,ð§
40115,32218,ð§,ð§
40115,32219,ð§,ð§
40115,32220,ð§,ð§
40115,32221,ð§,ð§
40115,32222,ð§,ð§
40115,32359,ð§,ð§
40115,32224,ð§,ð§
40115,32225,ð§,ð§
40115,32226,ð§,ð§
40115,31087,ð§,ð§
40115,32227,ð§,ð§
40115,32228,ð§,ð§
40116,30034,ð§,ð§
40116,32229,ð§,ð§
40116,32230,ð§,ð§
40116,32231,ð§,ð§
40116,32232,ð§,ð§
40116,32233,ð§,ð§
40116,32234,ð§,ð§
40116,32235,ð§,ð§
40116,32236,ð§,ð§
40116,32237,ð§,ð§
40116,32238,ð§,ð§
40116,32239,ð§,ð§
40116,32240,ð§,ð§
40116,32241,ð§,ð§
40116,32242,ð§,ð§
40116,32243,ð§,ð§
40116,32244,ð§,ð§
40116,32245,ð§,ð§
40116,32246,ð§,ð§
40116,32247,ð§,ð§
40116,32248,ð§,ð§
40116,32249,ð§,ð§
40116,32250,ð§,ð§
40116,32251,ð§,ð§
40116,32252,ð§,ð§
40116,32253,ð§,ð§
40116,32254,ð§,ð§
40116,32255,ð§,ð§
40116,32256,ð§,ð§
40116,32257,ð§,ð§
40116,32258,ð§,ð§
40116,32259,ð§,ð§
40116,32260,ð§,ð§
40116,32261,ð§,ð§
40116,32262,ð§,ð§
40116,31195,ð§,ð§
40116,32263,ð§,ð§
40116,32264,ð§,ð§
40116,32265,ð§,ð§
40116,32266,ð§,ð§
40116,32267,ð§,ð§
40116,32268,ð§,ð§
40116,32269,ð§,ð§
40116,32270,ð§,ð§
40116,32271,ð§,ð§
40116,32272,ð§,ð§
40116,32273,ð§,ð§
40116,32274,ð§,ð§
40116,32275,ð§,ð§
40116,32276,ð§,ð§
40116,32277,ð§,ð§
40116,32278,ð§,ð§
40116,30107,ð§,ð§
40116,32279,ð§,ð§
40116,32280,ð§,ð§
40116,32281,ð§,ð§
40116,32282,ð§,ð§
40116,32283,ð§,ð§
40116,32284,ð§,ð§
40117,32285,ð§,ð§
40117,32286,ð§,ð§
40117,32287,ð§,ð§
40117,32288,ð§,ð§
40117,32289,ð§,ð§
40117,32290,ð§,ð§
40117,32291,ð§,ð§
40117,32292,ð§,ð§
40117,32293,ð§,ð§
40117,32294,ð§,ð§
40117,32295,ð§,ð§
40118,32296,ð§,ð§
40118,31144,ð§,ð§
40118,32297,ð§,ð§
40118,32298,ð§,ð§
40118,32299,ð§,ð§
40118,32300,ð§,ð§
40118,32301,ð§,ð§
40118,32302,ð§,ð§
40118,32303,ð§,ð§
40118,32304,ð§,ð§
40118,32305,ð§,ð§
40118,32306,ð§,ð§
40118,32307,ð§,ð§
40118,32308,ð§,ð§
40118,32309,ð§,ð§
40118,32310,ð§,ð§
40118,32311,ð§,ð§
40118,32312,ð§,ð§
40118,31814,ð§,ð§
40118,32313,ð§,ð§
40118,32314,ð§,ð§
40118,32315,ð§,ð§
40118,32316,ð§,ð§
40118,32317,ð§,ð§
40118,32318,ð§,ð§
40118,32319,ð§,ð§
40118,32320,ð§,ð§
40118,32321,ð§,ð§
40118,32322,ð§,ð§
40118,32323,ð§,ð§
40118,32324,ð§,ð§
40092,31242,ð§,ð§
40092,32325,ð§,ð§
40092,32326,ð§,ð§
40092,32327,ð§,ð§
40092,32328,ð§,ð§
40092,31512,ð§,ð§
40092,32329,ð§,ð§
40092,30964,ð§,ð§
40092,32330,ð§,ð§
40092,32331,ð§,ð§
40092,32332,ð§,ð§
40092,32333,ð§,ð§
40092,32334,ð§,ð§
40092,32335,ð§,ð§
40092,32336,ð§,ð§
40092,32337,ð§,ð§
40092,32338,ð§,ð§
40092,32339,ð§,ð§
40092,32340,ð§,ð§
40092,32341,ð§,ð§
40092,32342,ð§,ð§
40092,32343,ð§,ð§
40092,32344,ð§,ð§
40092,32345,ð§,ð§
40119,32346,ð§,ð§
40119,32347,ð§,ð§
40119,32348,ð§,ð§
40119,32349,ð§,ð§
40119,32350,ð§,ð§
40119,32351,ð§,ð§
40119,31649,ð§,ð§
40119,31471,ð§,ð§
40119,32352,ð§,ð§
40119,32353,ð§,ð§
40119,32354,ð§,ð§
40119,32355,ð§,ð§
40119,32356,ð§,ð§
40119,32357,ð§,ð§
40119,32358,ð§,ð§
40120,32359,ð§,ð§
40120,32360,ð§,ð§
40120,32361,ð§,ð§
40120,32362,ð§,ð§
40120,32363,ð§,ð§
40120,32364,ð§,ð§
40120,32365,ð§,ð§
40120,32366,ð§,ð§
40120,32367,ð§,ð§
40120,32368,ð§,ð§
40120,32369,ð§,ð§
40120,32370,ð§,ð§
40121,32371,ð§,ð§
40121,32372,ð§,ð§
40121,32373,ð§,ð§
40121,32374,ð§,ð§
40121,32375,ð§,ð§
40121,32376,ð§,ð§
40121,32377,ð§,ð§
40085,32378,ð§,ð§
40085,32379,ð§,ð§
40122,32380,ð§,ð§
40122,32381,ð§,ð§
40122,32382,ð§,ð§
40122,32383,ð§,ð§
40122,32384,ð§,ð§
40122,32385,ð§,ð§
40122,32386,ð§,ð§
40010,31345,ð§,ð§
40010,32387,ð§,ð§
40010,32388,ð§,ð§
40010,31976,ð§,ð§
40010,32389,ð§,ð§
40010,32390,ð§,ð§
40010,32391,ð§,ð§
40010,31367,ð§,ð§
40010,32392,ð§,ð§
40010,32393,ð§,ð§
40010,32394,ð§,ð§
40010,32395,ð§,ð§
40010,32396,ð§,ð§
40010,32397,ð§,ð§
40010,32398,ð§,ð§
40010,32399,ð§,ð§
40010,32400,ð§,ð§
40010,31553,ð§,ð§
40010,32401,ð§,ð§
40010,32402,ð§,ð§
40010,32403,ð§,ð§
40010,32404,ð§,ð§
40010,32405,ð§,ð§
40047,32406,ð§,ð§
40123,32407,ð§,ð§
40123,30749,ð§,ð§
40123,32408,ð§,ð§
40123,31853,ð§,ð§
40123,32409,ð§,ð§
40123,32410,ð§,ð§
40123,32411,ð§,ð§
40123,32412,ð§,ð§
40123,32413,ð§,ð§
40123,32414,ð§,ð§
40123,32415,ð§,ð§
40123,32416,ð§,ð§
40123,32417,ð§,ð§
40123,32418,ð§,ð§
40123,32419,ð§,ð§
40123,30496,ð§,ð§
40124,32420,ð§,ð§
40124,30739,ð§,ð§
40124,30741,ð§,ð§
40124,30740,ð§,ð§
40124,30742,ð§,ð§
40124,30743,ð§,ð§
40125,32421,ð§,ð§
40125,32422,ð§,ð§
40125,32423,ð§,ð§
40125,32424,ð§,ð§
40125,32425,ð§,ð§
40125,32426,ð§,ð§
40125,32427,ð§,ð§
40125,32428,ð§,ð§
40125,32429,ð§,ð§
40125,32430,ð§,ð§
40034,32431,ð§,ð§
40034,32432,ð§,ð§
40034,32433,ð§,ð§
40034,30722,ð§,ð§
40034,32434,ð§,ð§
40034,32435,ð§,ð§
40034,32436,ð§,ð§
40034,32437,ð§,ð§
40034,32438,ð§,ð§
40034,32439,ð§,ð§
40034,32440,ð§,ð§
40034,32441,ð§,ð§
40034,32442,ð§,ð§
40034,32443,ð§,ð§
40034,32444,ð§,ð§
40034,32445,ð§,ð§
40034,32446,ð§,ð§
40034,32447,ð§,ð§
40034,32448,ð§,ð§
40034,32449,ð§,ð§
40034,31710,ð§,ð§
40034,32450,ð§,ð§
40034,32451,ð§,ð§
40034,32452,ð§,ð§
40034,32453,ð§,ð§
40034,32454,ð§,ð§
40034,32455,ð§,ð§
40034,32456,ð§,ð§
40034,32457,ð§,ð§
40034,32458,ð§,ð§
40088,32459,ð§,ð§
40088,32130,ð§,ð§
40088,32460,ð§,ð§
40088,32461,ð§,ð§
40088,31548,ð§,ð§
40088,32462,ð§,ð§
40088,32463,ð§,ð§
40088,32464,ð§,ð§
40088,32465,ð§,ð§
40088,32466,ð§,ð§
40088,32467,ð§,ð§
40088,31546,ð§,ð§
40126,32468,ð§,ð§
40126,32469,ð§,ð§
40126,31036,ð§,ð§
40126,32470,ð§,ð§
40126,32471,ð§,ð§
40126,32472,ð§,ð§
40126,32473,ð§,ð§
40126,32474,ð§,ð§
40126,32475,ð§,ð§
40126,32476,ð§,ð§
40126,32477,ð§,ð§
40126,32478,ð§,ð§
40126,32479,ð§,ð§
40126,32480,ð§,ð§
40126,32481,ð§,ð§
40127,32482,ð§,ð§
40127,32483,ð§,ð§
40127,32484,ð§,ð§
40127,32485,ð§,ð§
40127,32486,ð§,ð§
40127,32487,ð§,ð§
40086,32488,ð§,ð§
40086,30963,ð§,ð§
40086,30203,ð§,ð§
40086,32489,ð§,ð§
40086,30202,ð§,ð§
40086,32490,ð§,ð§
40086,32491,ð§,ð§
40086,32492,ð§,ð§
40086,32493,ð§,ð§
40086,32494,ð§,ð§
40086,32495,ð§,ð§
40086,32197,ð§,ð§
40128,30785,ð§,ð§
40128,32488,ð§,ð§
40128,32496,ð§,ð§
40128,32497,ð§,ð§
40128,31645,ð§,ð§
40128,30963,ð§,ð§
40128,32498,ð§,ð§
40128,32489,ð§,ð§
40128,31995,ð§,ð§
40128,31923,ð§,ð§
40128,0,ð§,ð§
40129,31685,ð§,ð§
40129,32500,ð§,ð§
40129,30270,ð§,ð§
40129,30529,ð§,ð§
40129,30424,ð§,ð§
40129,32501,ð§,ð§
40129,32502,ð§,ð§
40129,32503,ð§,ð§
40061,31010,ð§,ð§
40061,32504,ð§,ð§
40061,32505,ð§,ð§
40061,32506,ð§,ð§
40061,32507,ð§,ð§
40061,32508,ð§,ð§
40061,32509,ð§,ð§
40061,32510,ð§,ð§
40061,32511,ð§,ð§
40061,32512,ð§,ð§
40061,32513,ð§,ð§
40061,32514,ð§,ð§
40061,32515,ð§,ð§
40130,32516,ð§,ð§
40130,30230,ð§,ð§
40130,32517,ð§,ð§
40130,32518,ð§,ð§
40130,32519,ð§,ð§
40130,32520,ð§,ð§
40130,32521,ð§,ð§
40130,32522,ð§,ð§
40130,32523,ð§,ð§
40130,32524,ð§,ð§
40130,32525,ð§,ð§
40130,32526,ð§,ð§
40130,32527,ð§,ð§
40130,32528,ð§,ð§
40130,32529,ð§,ð§
40130,32530,ð§,ð§
40130,32531,ð§,ð§
40131,32532,ð§,ð§
40131,32533,ð§,ð§
40131,32534,ð§,ð§
40131,30207,ð§,ð§
40131,32535,ð§,ð§
40132,31289,ð§,ð§
40132,31288,ð§,ð§
40132,32536,ð§,ð§
40132,32537,ð§,ð§
40132,32538,ð§,ð§
40132,31698,ð§,ð§
40132,32539,ð§,ð§
40133,30070,ð§,ð§
40133,32540,ð§,ð§
40133,32541,ð§,ð§
40133,32542,ð§,ð§
40133,32543,ð§,ð§
40133,32544,ð§,ð§
40133,32545,ð§,ð§
40133,32546,ð§,ð§
40134,32547,ð§,ð§
40134,32548,ð§,ð§
40134,32549,ð§,ð§
40134,32550,ð§,ð§
40134,32551,ð§,ð§
40134,32552,ð§,ð§
40134,32553,ð§,ð§
40134,32554,ð§,ð§
40134,32555,ð§,ð§
40134,32556,ð§,ð§
40134,32557,ð§,ð§
40001,32558,ð§,ð§
40001,32559,ð§,ð§
40001,32560,ð§,ð§
40001,32561,ð§,ð§
40001,32562,ð§,ð§
40001,32563,ð§,ð§
40001,32564,ð§,ð§
40001,32565,ð§,ð§
40001,32566,ð§,ð§
40001,32567,ð§,ð§
40001,32568,ð§,ð§
40001,32569,ð§,ð§
40001,32570,ð§,ð§
40001,32571,ð§,ð§
40001,32572,ð§,ð§
40135,32573,ð§,ð§
40135,30741,ð§,ð§
40135,30742,ð§,ð§
40135,32574,ð§,ð§
40135,32575,ð§,ð§
40135,32576,ð§,ð§
40135,32577,ð§,ð§
40135,30745,ð§,ð§
40135,32578,ð§,ð§
40135,32579,ð§,ð§
40053,32580,ð§,ð§
40053,32581,ð§,ð§
40053,32582,ð§,ð§
40053,32583,ð§,ð§
40053,32584,ð§,ð§
40053,32585,ð§,ð§
40053,32586,ð§,ð§
40053,32587,ð§,ð§
40053,32588,ð§,ð§
40053,32589,ð§,ð§
40053,32590,ð§,ð§
40053,32591,ð§,ð§
40136,31155,ð§,ð§
40136,31051,ð§,ð§
40136,32492,ð§,ð§
40136,32592,ð§,ð§
40136,32593,ð§,ð§
40136,32594,ð§,ð§
40136,32595,ð§,ð§
40136,32596,ð§,ð§
40136,31471,ð§,ð§
40137,32597,ð§,ð§
40137,32598,ð§,ð§
40137,32599,ð§,ð§
40137,32600,ð§,ð§
40137,32601,ð§,ð§
40137,32602,ð§,ð§
40137,32603,ð§,ð§
40137,32604,ð§,ð§
40088,32605,ð§,ð§
40088,32606,ð§,ð§
40088,32607,ð§,ð§
40088,32608,ð§,ð§
40088,31241,ð§,ð§
40088,32609,ð§,ð§
40088,30315,ð§,ð§
40088,32610,ð§,ð§
40138,32611,ð§,ð§
40138,32612,ð§,ð§
40138,32613,ð§,ð§
40138,32614,ð§,ð§
40138,32615,ð§,ð§
40138,32616,ð§,ð§
40138,32617,ð§,ð§
40138,32618,ð§,ð§
40138,32619,ð§,ð§
40138,32620,ð§,ð§
40138,32621,ð§,ð§
40138,32622,ð§,ð§
40139,31289,ð§,ð§
40139,31180,ð§,ð§
40139,31290,ð§,ð§
40139,32623,ð§,ð§
40139,32624,ð§,ð§
40139,32539,ð§,ð§
40139,32625,ð§,ð§
40139,32626,ð§,ð§
40139,32627,ð§,ð§
40139,32628,ð§,ð§
40139,32629,ð§,ð§
40139,32630,ð§,ð§
40139,32631,ð§,ð§
40139,32632,ð§,ð§
40140,31144,ð§,ð§
40140,31025,ð§,ð§
40140,32633,ð§,ð§
40140,32634,ð§,ð§
40140,32635,ð§,ð§
40140,31688,ð§,ð§
40140,32636,ð§,ð§
40140,32637,ð§,ð§
40140,32638,ð§,ð§
40140,32639,ð§,ð§
40140,32640,ð§,ð§
40140,32641,ð§,ð§
40140,32642,ð§,ð§
40140,32643,ð§,ð§
40140,32644,ð§,ð§
40140,32645,ð§,ð§
40140,32646,ð§,ð§
40140,32647,ð§,ð§
40140,32648,ð§,ð§
40140,32649,ð§,ð§
40140,32650,ð§,ð§
40140,32651,ð§,ð§
40140,32652,ð§,ð§
40140,32653,ð§,ð§
40140,32654,ð§,ð§
40140,32655,ð§,ð§
40140,32656,ð§,ð§
40140,32657,ð§,ð§
40140,32658,ð§,ð§
40141,32659,ð§,ð§
40141,31887,ð§,ð§
40141,32660,ð§,ð§
40141,32661,ð§,ð§
40141,32662,ð§,ð§
40141,32663,ð§,ð§
40141,32664,ð§,ð§
40141,32665,ð§,ð§
40141,32666,ð§,ð§
40141,32667,ð§,ð§
40064,32668,ð§,ð§
40064,32669,ð§,ð§
40064,32670,ð§,ð§
40064,32671,ð§,ð§
40064,32672,ð§,ð§
40064,32673,ð§,ð§
40064,32674,ð§,ð§
40064,32675,ð§,ð§
40064,32676,ð§,ð§
40064,32677,ð§,ð§
40093,32678,ð§,ð§
40093,30270,ð§,ð§
40093,30578,ð§,ð§
40093,32679,ð§,ð§
40093,32680,ð§,ð§
40093,32681,ð§,ð§
40093,32682,ð§,ð§
40093,32683,ð§,ð§
40093,32684,ð§,ð§
40093,32685,ð§,ð§
40093,32686,ð§,ð§
40093,32687,ð§,ð§
40093,32688,ð§,ð§
40093,32689,ð§,ð§
40093,32690,ð§,ð§
40093,32691,ð§,ð§
40093,32692,ð§,ð§
40142,32693,ð§,ð§
40142,32694,ð§,ð§
40142,32695,ð§,ð§
40142,32696,ð§,ð§
40142,32697,ð§,ð§
40142,32698,ð§,ð§
40142,32699,ð§,ð§
40142,32700,ð§,ð§
40142,32701,ð§,ð§
40142,32702,ð§,ð§
40142,32703,ð§,ð§
40142,32704,ð§,ð§
40142,32901,ð§,ð§
40142,32706,ð§,ð§
40142,32707,ð§,ð§
40142,32708,ð§,ð§
40142,32709,ð§,ð§
40142,32710,ð§,ð§
40142,32711,ð§,ð§
40142,32712,ð§,ð§
40041,30266,ð§,ð§
40041,32713,ð§,ð§
40041,32714,ð§,ð§
40041,32715,ð§,ð§
40041,32716,ð§,ð§
40041,31651,ð§,ð§
40041,32717,ð§,ð§
40041,32718,ð§,ð§
40041,32719,ð§,ð§
40041,32720,ð§,ð§
40041,32721,ð§,ð§
40041,32722,ð§,ð§
40041,32723,ð§,ð§
40041,32724,ð§,ð§
40041,31042,ð§,ð§
40143,32725,ð§,ð§
40143,32726,ð§,ð§
40143,32727,ð§,ð§
40143,32728,ð§,ð§
40143,32729,ð§,ð§
40143,32730,ð§,ð§
40059,32731,ð§,ð§
40059,32732,ð§,ð§
40059,32733,ð§,ð§
40144,30778,ð§,ð§
40144,32734,ð§,ð§
40144,32735,ð§,ð§
40144,31601,ð§,ð§
40144,31587,ð§,ð§
40144,32736,ð§,ð§
40144,32737,ð§,ð§
40144,32738,ð§,ð§
40144,32026,ð§,ð§
40144,30781,ð§,ð§
40144,32739,ð§,ð§
40144,31030,ð§,ð§
40144,32740,ð§,ð§
40144,32741,ð§,ð§
40144,32742,ð§,ð§
40145,32743,ð§,ð§
40145,32744,ð§,ð§
40145,32745,ð§,ð§
40145,32746,ð§,ð§
40145,32747,ð§,ð§
40145,32748,ð§,ð§
40145,32749,ð§,ð§
40145,32750,ð§,ð§
40112,30948,ð§,ð§
40112,32751,ð§,ð§
40112,30578,ð§,ð§
40112,32752,ð§,ð§
40112,32753,ð§,ð§
40112,32754,ð§,ð§
40112,32755,ð§,ð§
40112,32756,ð§,ð§
40146,32757,ð§,ð§
40146,32758,ð§,ð§
40146,32759,ð§,ð§
40146,32760,ð§,ð§
40146,32761,ð§,ð§
40146,32762,ð§,ð§
40146,32763,ð§,ð§
40146,32764,ð§,ð§
40146,32765,ð§,ð§
40146,32766,ð§,ð§
40146,32767,ð§,ð§
40147,32768,ð§,ð§
40147,32769,ð§,ð§
40147,32770,ð§,ð§
40147,32771,ð§,ð§
40147,32772,ð§,ð§
40147,32773,ð§,ð§
40147,32774,ð§,ð§
40147,32775,ð§,ð§
40147,32776,ð§,ð§
40147,32777,ð§,ð§
40038,32145,ð§,ð§
40038,32778,ð§,ð§
40038,32779,ð§,ð§
40038,32780,ð§,ð§
40038,32781,ð§,ð§
40148,32782,ð§,ð§
40148,32783,ð§,ð§
40148,31049,ð§,ð§
40148,32784,ð§,ð§
40148,30266,ð§,ð§
40149,31025,ð§,ð§
40149,31882,ð§,ð§
40149,31797,ð§,ð§
40149,32785,ð§,ð§
40149,32786,ð§,ð§
40149,32787,ð§,ð§
40149,31451,ð§,ð§
40149,31244,ð§,ð§
40149,32788,ð§,ð§
40149,32789,ð§,ð§
40149,32790,ð§,ð§
40149,32791,ð§,ð§
40149,32792,ð§,ð§
40149,32793,ð§,ð§
40060,32794,ð§,ð§
40060,32795,ð§,ð§
40060,32796,ð§,ð§
40060,32797,ð§,ð§
40060,32798,ð§,ð§
40060,32799,ð§,ð§
40060,32800,ð§,ð§
40060,32801,ð§,ð§
40060,32802,ð§,ð§
40060,30768,ð§,ð§
40060,32627,ð§,ð§
40060,32803,ð§,ð§
40060,32804,ð§,ð§
40060,32805,ð§,ð§
40060,32806,ð§,ð§
40060,32807,ð§,ð§
40060,32808,ð§,ð§
40060,32809,ð§,ð§
40060,32810,ð§,ð§
40150,32811,ð§,ð§
40150,31685,ð§,ð§
40150,30577,ð§,ð§
40150,32812,ð§,ð§
40150,32734,ð§,ð§
40150,30683,ð§,ð§
40150,32813,ð§,ð§
40150,32814,ð§,ð§
40150,32815,ð§,ð§
40150,32769,ð§,ð§
40150,32816,ð§,ð§
40150,32817,ð§,ð§
40150,32818,ð§,ð§
40150,32819,ð§,ð§
40150,32820,ð§,ð§
40090,30896,ð§,ð§
40090,31685,ð§,ð§
40090,31649,ð§,ð§
40090,32821,ð§,ð§
40090,32822,ð§,ð§
40090,32823,ð§,ð§
40090,32824,ð§,ð§
40090,30813,ð§,ð§
40090,32825,ð§,ð§
40090,31032,ð§,ð§
40090,31081,ð§,ð§
40090,32826,ð§,ð§
40090,32827,ð§,ð§
40090,32828,ð§,ð§
40090,32829,ð§,ð§
40090,32830,ð§,ð§
40090,32831,ð§,ð§
40090,32832,ð§,ð§
40090,32833,ð§,ð§
40090,32834,ð§,ð§
40090,32835,ð§,ð§
40090,32836,ð§,ð§
40090,32837,ð§,ð§
40090,32838,ð§,ð§
40090,32839,ð§,ð§
40090,32840,ð§,ð§
40090,32841,ð§,ð§
40090,32842,ð§,ð§
40090,32843,ð§,ð§
40090,32844,ð§,ð§
40090,32845,ð§,ð§
40090,32846,ð§,ð§
40090,32847,ð§,ð§
40146,32848,ð§,ð§
40146,32849,ð§,ð§
40146,32850,ð§,ð§
40146,32851,ð§,ð§
40146,32852,ð§,ð§
40032,31885,ð§,ð§
40032,31857,ð§,ð§
40032,32853,ð§,ð§
40032,32854,ð§,ð§
40032,32855,ð§,ð§
40148,32856,ð§,ð§
40148,31242,ð§,ð§
40148,30779,ð§,ð§
40148,32857,ð§,ð§
40148,32325,ð§,ð§
40148,31170,ð§,ð§
40148,32858,ð§,ð§
40148,30027,ð§,ð§
40148,30195,ð§,ð§
40148,31571,ð§,ð§
40148,31503,ð§,ð§
40111,32859,ð§,ð§
40111,32860,ð§,ð§
40111,32861,ð§,ð§
40111,32862,ð§,ð§
40111,32863,ð§,ð§
40111,32864,ð§,ð§
40111,32865,ð§,ð§
40111,32866,ð§,ð§
40111,32867,ð§,ð§
40111,32868,ð§,ð§
40111,32869,ð§,ð§
40111,32870,ð§,ð§
40111,32871,ð§,ð§
40111,32872,ð§,ð§
40111,32873,ð§,ð§
40111,32874,ð§,ð§
40111,32875,ð§,ð§
40111,32876,ð§,ð§
40111,32877,ð§,ð§
40151,32878,ð§,ð§
40151,32879,ð§,ð§
40151,32880,ð§,ð§
40151,32881,ð§,ð§
40151,30841,ð§,ð§
40151,32882,ð§,ð§
40151,32883,ð§,ð§
40151,32884,ð§,ð§
40151,32885,ð§,ð§
40151,32886,ð§,ð§
40151,32887,ð§,ð§
40151,32888,ð§,ð§
40151,32889,ð§,ð§
40151,32890,ð§,ð§
40151,32891,ð§,ð§
40152,31516,ð§,ð§
40152,32892,ð§,ð§
40152,32893,ð§,ð§
40152,32894,ð§,ð§
40152,32895,ð§,ð§
40152,30333,ð§,ð§
40153,32896,ð§,ð§
40153,30132,ð§,ð§
40153,32897,ð§,ð§
40153,32898,ð§,ð§
40153,32899,ð§,ð§
40153,32900,ð§,ð§
40153,32901,ð§,ð§
40153,32902,ð§,ð§
40153,32903,ð§,ð§
40153,32904,ð§,ð§
40153,32905,ð§,ð§
40153,32906,ð§,ð§
40153,32907,ð§,ð§
40153,32908,ð§,ð§
40153,32909,ð§,ð§
40153,32910,ð§,ð§
40153,32911,ð§,ð§
40153,32912,ð§,ð§
40153,32913,ð§,ð§
40153,32914,ð§,ð§
40153,32915,ð§,ð§
40153,32916,ð§,ð§
40153,32917,ð§,ð§
40153,32918,ð§,ð§
40153,32919,ð§,ð§
40153,32920,ð§,ð§
40153,32921,ð§,ð§
40153,32922,ð§,ð§
40153,32923,ð§,ð§
40153,30291,ð§,ð§
40153,32924,ð§,ð§
40153,32925,ð§,ð§
40153,32926,ð§,ð§
40153,32927,ð§,ð§
40153,32928,ð§,ð§
40153,32929,ð§,ð§
40153,32930,ð§,ð§
40153,32931,ð§,ð§
40153,32932,ð§,ð§
40153,32252,ð§,ð§
40153,32933,ð§,ð§
40153,32934,ð§,ð§
40153,32935,ð§,ð§
40153,32936,ð§,ð§
40153,32937,ð§,ð§
40153,32938,ð§,ð§
40153,32257,ð§,ð§
40153,32939,ð§,ð§
40153,32940,ð§,ð§
40153,32941,ð§,ð§
40153,32942,ð§,ð§
40153,32943,ð§,ð§
40153,32944,ð§,ð§
40153,32945,ð§,ð§
40153,32946,ð§,ð§
40153,32947,ð§,ð§
40153,32948,ð§,ð§
40153,32949,ð§,ð§
40153,32950,ð§,ð§
40153,32951,ð§,ð§
40153,32952,ð§,ð§
40153,32953,ð§,ð§
40153,32954,ð§,ð§
40153,32955,ð§,ð§
40153,32956,ð§,ð§
40153,32957,ð§,ð§
40153,32958,ð§,ð§
40153,32959,ð§,ð§
40153,32960,ð§,ð§
40153,32961,ð§,ð§
40153,32962,ð§,ð§
40153,32963,ð§,ð§
40153,32964,ð§,ð§
40153,32965,ð§,ð§
40153,32966,ð§,ð§
40153,32967,ð§,ð§
40153,32968,ð§,ð§
40153,32969,ð§,ð§
40153,32970,ð§,ð§
40153,32971,ð§,ð§
40153,32972,ð§,ð§
40153,32973,ð§,ð§
40153,32974,ð§,ð§
40153,32975,ð§,ð§
40153,32976,ð§,ð§
40153,32977,ð§,ð§
40154,31657,ð§,ð§
40154,31143,ð§,ð§
40154,30267,ð§,ð§
40154,31743,ð§,ð§
40154,31499,ð§,ð§
40154,31510,ð§,ð§
40154,32978,ð§,ð§
40154,32979,ð§,ð§
40154,32980,ð§,ð§
40154,32981,ð§,ð§
40129,30897,ð§,ð§
40129,31039,ð§,ð§
40129,30991,ð§,ð§
40129,32982,ð§,ð§
40129,32590,ð§,ð§
40129,32983,ð§,ð§
40129,32984,ð§,ð§
40129,30655,ð§,ð§
40129,31589,ð§,ð§
40129,32985,ð§,ð§
40129,32986,ð§,ð§
40129,32987,ð§,ð§
40129,30971,ð§,ð§
40129,32988,ð§,ð§
40129,32989,ð§,ð§
40129,32990,ð§,ð§
40129,32991,ð§,ð§
40129,32992,ð§,ð§
40129,32993,ð§,ð§
40129,32994,ð§,ð§
40129,32995,ð§,ð§
40129,32996,ð§,ð§
40129,32997,ð§,ð§
40155,32347,ð§,ð§
40155,32998,ð§,ð§
40155,32999,ð§,ð§
40155,31043,ð§,ð§
40155,33000,ð§,ð§
40155,33001,ð§,ð§
40155,33002,ð§,ð§
40155,33003,ð§,ð§
40155,33004,ð§,ð§
40155,33005,ð§,ð§
40155,33006,ð§,ð§
40155,33007,ð§,ð§
40155,33008,ð§,ð§
40155,33009,ð§,ð§
40155,33010,ð§,ð§
40155,33011,ð§,ð§
40155,33012,ð§,ð§
40155,33013,ð§,ð§
40155,33014,ð§,ð§
40155,33015,ð§,ð§
40155,33016,ð§,ð§
40155,33017,ð§,ð§
40155,33018,ð§,ð§
40155,33019,ð§,ð§
40155,33020,ð§,ð§
40155,33021,ð§,ð§
40155,33022,ð§,ð§
40155,33023,ð§,ð§
40156,31571,ð§,ð§
40156,33024,ð§,ð§
40156,33025,ð§,ð§
40156,33026,ð§,ð§
40156,33027,ð§,ð§
40156,33028,ð§,ð§
40156,33029,ð§,ð§
40156,33030,ð§,ð§
40156,33031,ð§,ð§
40156,33032,ð§,ð§
40156,33033,ð§,ð§
40156,33034,ð§,ð§
40156,33035,ð§,ð§
40156,33036,ð§,ð§
40156,33037,ð§,ð§
40157,30399,ð§,ð§
40157,30007,ð§,ð§
40157,33038,ð§,ð§
40157,33039,ð§,ð§
40157,32637,ð§,ð§
40157,33040,ð§,ð§
40157,33041,ð§,ð§
40157,33042,ð§,ð§
40157,33043,ð§,ð§
40158,30841,ð§,ð§
40158,33044,ð§,ð§
40158,33045,ð§,ð§
40158,33046,ð§,ð§
40158,33047,ð§,ð§
40158,33048,ð§,ð§
40158,33049,ð§,ð§
40158,32496,ð§,ð§
40158,33050,ð§,ð§
40158,32192,ð§,ð§
40158,33051,ð§,ð§
40158,33052,ð§,ð§
40158,33053,ð§,ð§
40158,33054,ð§,ð§
40158,33055,ð§,ð§
40158,33056,ð§,ð§
40158,33057,ð§,ð§
40158,33058,ð§,ð§
40158,33059,ð§,ð§
40158,33060,ð§,ð§
40159,33061,ð§,ð§
40159,33062,ð§,ð§
40159,33063,ð§,ð§
40159,33064,ð§,ð§
40159,33065,ð§,ð§
40159,33066,ð§,ð§
40159,33067,ð§,ð§
40159,33068,ð§,ð§
40159,33069,ð§,ð§
40159,33070,ð§,ð§
40159,33071,ð§,ð§
40159,33072,ð§,ð§
40160,30778,ð§,ð§
40160,33073,ð§,ð§
40160,33074,ð§,ð§
40160,32036,ð§,ð§
40161,33075,ð§,ð§
40161,33076,ð§,ð§
40161,30909,ð§,ð§
40161,33077,ð§,ð§
40161,33078,ð§,ð§
40161,33079,ð§,ð§
40161,33080,ð§,ð§
40161,31873,ð§,ð§
40161,33081,ð§,ð§
40161,33082,ð§,ð§
40161,33083,ð§,ð§
40162,31565,ð§,ð§
40162,31606,ð§,ð§
40162,33084,ð§,ð§
40162,33085,ð§,ð§
40162,31903,ð§,ð§
40162,32800,ð§,ð§
40162,33086,ð§,ð§
40162,33087,ð§,ð§
40162,33088,ð§,ð§
40163,33089,ð§,ð§
40163,33090,ð§,ð§
40164,33091,ð§,ð§
40164,33092,ð§,ð§
40164,33093,ð§,ð§
40164,32895,ð§,ð§
40164,33094,ð§,ð§
40164,33095,ð§,ð§
40165,33096,ð§,ð§
40165,33097,ð§,ð§
40165,33098,ð§,ð§
40165,33099,ð§,ð§
40165,33100,ð§,ð§
40144,33101,ð§,ð§
40144,30007,ð§,ð§
40144,33102,ð§,ð§
40144,33103,ð§,ð§
40144,33104,ð§,ð§
40144,33105,ð§,ð§
40144,33106,ð§,ð§
40144,33107,ð§,ð§
40144,33108,ð§,ð§
40144,33109,ð§,ð§
40144,33110,ð§,ð§
40144,33111,ð§,ð§
40144,33112,ð§,ð§
40144,31457,ð§,ð§
40144,33113,ð§,ð§
40144,33114,ð§,ð§
40144,33040,ð§,ð§
40144,33115,ð§,ð§
40144,33116,ð§,ð§
40144,33117,ð§,ð§
40144,33118,ð§,ð§
40144,31635,ð§,ð§
40144,33119,ð§,ð§
40144,33120,ð§,ð§
40166,31008,ð§,ð§
40166,33121,ð§,ð§
40166,30067,ð§,ð§
40166,30066,ð§,ð§
40166,33122,ð§,ð§
40166,33123,ð§,ð§
40166,30186,ð§,ð§
40166,33124,ð§,ð§
40166,33125,ð§,ð§
40166,33126,ð§,ð§
40166,33127,ð§,ð§
40166,33128,ð§,ð§
40166,33129,ð§,ð§
40166,33130,ð§,ð§
40166,33131,ð§,ð§
40166,33132,ð§,ð§
40166,33133,ð§,ð§
40166,33134,ð§,ð§
40166,33135,ð§,ð§
40161,30493,ð§,ð§
40161,30006,ð§,ð§
40161,30681,ð§,ð§
40161,33136,ð§,ð§
40161,33137,ð§,ð§
40161,33138,ð§,ð§
40161,33139,ð§,ð§
40161,33140,ð§,ð§
40161,33141,ð§,ð§
40161,33142,ð§,ð§
40161,30434,ð§,ð§
40161,33143,ð§,ð§
40161,33144,ð§,ð§
40161,33145,ð§,ð§
40161,33146,ð§,ð§
40160,33147,ð§,ð§
40160,33148,ð§,ð§
40160,33149,ð§,ð§
40160,33150,ð§,ð§
40160,31132,ð§,ð§
40160,33151,ð§,ð§
40160,33152,ð§,ð§
40160,33153,ð§,ð§
40160,33154,ð§,ð§
40160,33155,ð§,ð§
40160,33156,ð§,ð§
40160,33157,ð§,ð§
40160,33158,ð§,ð§
40160,33159,ð§,ð§
40160,33160,ð§,ð§
40160,33161,ð§,ð§
40160,33162,ð§,ð§
40160,33163,ð§,ð§
40160,33164,ð§,ð§
40160,33165,ð§,ð§
40160,33166,ð§,ð§
40160,33167,ð§,ð§
40160,33168,ð§,ð§
40160,33169,ð§,ð§
40160,33170,ð§,ð§
40160,33171,ð§,ð§
40160,33172,ð§,ð§
40160,33173,ð§,ð§
40160,33174,ð§,ð§
40160,33175,ð§,ð§
40160,33176,ð§,ð§
40160,33177,ð§,ð§
40160,33178,ð§,ð§
40160,33179,ð§,ð§
40160,33180,ð§,ð§
40160,33181,ð§,ð§
40160,33182,ð§,ð§
40160,33183,ð§,ð§
40160,33184,ð§,ð§
40160,33185,ð§,ð§
40167,33186,ð§,ð§
40167,33187,ð§,ð§
40167,33188,ð§,ð§
40167,33189,ð§,ð§
40167,33190,ð§,ð§
40167,33191,ð§,ð§
40167,33192,ð§,ð§
40167,33193,ð§,ð§
40167,33194,ð§,ð§
40167,33195,ð§,ð§
40167,33196,ð§,ð§
40167,33197,ð§,ð§
40167,33198,ð§,ð§
40167,33199,ð§,ð§
40167,33200,ð§,ð§
40167,33201,ð§,ð§
40167,33202,ð§,ð§
40167,33203,ð§,ð§
40167,33204,ð§,ð§
40167,33205,ð§,ð§
40167,33206,ð§,ð§
40167,33207,ð§,ð§
40167,33208,ð§,ð§
40167,33209,ð§,ð§
40167,33210,ð§,ð§
40167,33211,ð§,ð§
40167,33212,ð§,ð§
40053,30948,ð§,ð§
40053,32468,ð§,ð§
40053,33213,ð§,ð§
40053,33214,ð§,ð§
40053,33215,ð§,ð§
40053,33216,ð§,ð§
40053,33217,ð§,ð§
40053,30478,ð§,ð§
40053,33218,ð§,ð§
40053,33219,ð§,ð§
40053,33220,ð§,ð§
40053,32884,ð§,ð§
40053,33221,ð§,ð§
40053,33222,ð§,ð§
40053,33223,ð§,ð§
40053,33224,ð§,ð§
40053,33225,ð§,ð§
40053,33226,ð§,ð§
40053,33227,ð§,ð§
40053,33228,ð§,ð§
40053,33229,ð§,ð§
40053,33230,ð§,ð§
40053,33231,ð§,ð§
40053,33232,ð§,ð§
40053,33233,ð§,ð§
40053,33234,ð§,ð§
40053,33235,ð§,ð§
40053,33236,ð§,ð§
40053,32065,ð§,ð§
40053,33237,ð§,ð§
40053,33238,ð§,ð§
40053,33239,ð§,ð§
40053,33240,ð§,ð§
40053,33241,ð§,ð§
40053,33242,ð§,ð§
40053,33243,ð§,ð§
40053,33244,ð§,ð§
40053,33245,ð§,ð§
40053,33246,ð§,ð§
40053,33247,ð§,ð§
40053,33248,ð§,ð§
40053,33249,ð§,ð§
40053,33250,ð§,ð§
40053,33251,ð§,ð§
40010,33252,ð§,ð§
40010,33253,ð§,ð§
40010,33254,ð§,ð§
40010,33255,ð§,ð§
40010,33256,ð§,ð§
40010,33257,ð§,ð§
40010,33258,ð§,ð§
40010,33259,ð§,ð§
40010,33260,ð§,ð§
40010,33261,ð§,ð§
40038,31577,ð§,ð§
40038,31026,ð§,ð§
40038,31036,ð§,ð§
40038,33262,ð§,ð§
40038,33263,ð§,ð§
40038,33264,ð§,ð§
40038,33265,ð§,ð§
40038,33266,ð§,ð§
40038,33267,ð§,ð§
40038,33268,ð§,ð§
40038,33269,ð§,ð§
40038,33270,ð§,ð§
40001,30948,ð§,ð§
40001,33271,ð§,ð§
40001,33272,ð§,ð§
40001,31084,ð§,ð§
40001,33273,ð§,ð§
40001,32883,ð§,ð§
40001,33274,ð§,ð§
40001,33275,ð§,ð§
40001,33276,ð§,ð§
40001,33277,ð§,ð§
40001,33278,ð§,ð§
40001,33279,ð§,ð§
40001,33280,ð§,ð§
40001,33281,ð§,ð§
40001,33282,ð§,ð§
40001,33283,ð§,ð§
40001,33284,ð§,ð§
40001,33285,ð§,ð§
40001,31769,ð§,ð§
40168,33286,ð§,ð§
40168,33287,ð§,ð§
40168,31649,ð§,ð§
40168,33288,ð§,ð§
40168,33289,ð§,ð§
40168,30371,ð§,ð§
40168,33290,ð§,ð§
40168,33291,ð§,ð§
40169,33292,ð§,ð§
40169,33293,ð§,ð§
40169,33294,ð§,ð§
40169,33295,ð§,ð§
40169,31077,ð§,ð§
40169,33296,ð§,ð§
40169,30245,ð§,ð§
40169,33297,ð§,ð§
40169,33298,ð§,ð§
40169,33299,ð§,ð§
40169,33300,ð§,ð§
40169,33301,ð§,ð§
40169,30254,ð§,ð§
40169,33302,ð§,ð§
40169,33303,ð§,ð§
40169,32020,ð§,ð§
40169,30249,ð§,ð§
40169,32021,ð§,ð§
40169,33304,ð§,ð§
40169,30251,ð§,ð§
40169,32019,ð§,ð§
40169,30252,ð§,ð§
40169,32022,ð§,ð§
40169,33305,ð§,ð§
40169,33306,ð§,ð§
40170,30230,ð§,ð§
40170,32613,ð§,ð§
40170,33307,ð§,ð§
40170,33308,ð§,ð§
40170,33309,ð§,ð§
40170,33310,ð§,ð§
40170,33311,ð§,ð§
40170,33312,ð§,ð§
40006,30899,ð§,ð§
40006,33313,ð§,ð§
40006,33314,ð§,ð§
40006,33315,ð§,ð§
40006,33316,ð§,ð§
40006,33317,ð§,ð§
40006,33318,ð§,ð§
40006,33319,ð§,ð§
40006,33320,ð§,ð§
40006,33321,ð§,ð§
40006,33322,ð§,ð§
40006,33323,ð§,ð§
40006,33324,ð§,ð§
40006,33325,ð§,ð§
40006,33326,ð§,ð§
40006,33327,ð§,ð§
40006,33328,ð§,ð§
40006,33329,ð§,ð§
40006,33330,ð§,ð§
40006,33331,ð§,ð§
40171,33332,ð§,ð§
40171,33333,ð§,ð§
40171,33334,ð§,ð§
40171,33335,ð§,ð§
40171,33336,ð§,ð§
40171,33337,ð§,ð§
40171,33338,ð§,ð§
40171,33339,ð§,ð§
40171,33340,ð§,ð§
40171,33341,ð§,ð§
40171,33342,ð§,ð§
40171,33343,ð§,ð§
40171,33344,ð§,ð§
40171,33345,ð§,ð§
40171,33346,ð§,ð§
40171,30122,ð§,ð§
40022,33347,ð§,ð§
40022,31661,ð§,ð§
40022,30577,ð§,ð§
40022,33348,ð§,ð§
40022,33349,ð§,ð§
40013,33350,ð§,ð§
40001,31867,ð§,ð§
40001,33351,ð§,ð§
40001,31014,ð§,ð§
40001,30785,ð§,ð§
40001,33352,ð§,ð§
40001,31352,ð§,ð§
40001,32678,ð§,ð§
40001,33353,ð§,ð§
40001,33046,ð§,ð§
40001,33354,ð§,ð§
40001,33355,ð§,ð§
40001,33356,ð§,ð§
40001,33357,ð§,ð§
40001,33358,ð§,ð§
40001,33359,ð§,ð§
40001,33360,ð§,ð§
40001,33013,ð§,ð§
40001,33361,ð§,ð§
40001,33362,ð§,ð§
40001,30916,ð§,ð§
40001,33363,ð§,ð§
40001,33364,ð§,ð§
40001,33365,ð§,ð§
40001,33366,ð§,ð§
40010,33367,ð§,ð§
40010,33368,ð§,ð§
40010,33369,ð§,ð§
40010,33370,ð§,ð§
40010,33371,ð§,ð§
40010,33372,ð§,ð§
40010,33373,ð§,ð§
40010,33374,ð§,ð§
40010,33375,ð§,ð§
40010,33376,ð§,ð§
40010,33377,ð§,ð§
40010,33378,ð§,ð§
40010,33379,ð§,ð§
40010,33380,ð§,ð§
40010,33381,ð§,ð§
40010,33382,ð§,ð§
40025,33383,ð§,ð§
40025,31403,ð§,ð§
40025,33384,ð§,ð§
40025,33385,ð§,ð§
40025,33386,ð§,ð§
40025,33387,ð§,ð§
40025,33388,ð§,ð§
40025,33389,ð§,ð§
40025,33390,ð§,ð§
40025,33391,ð§,ð§
40172,33392,ð§,ð§
40172,33393,ð§,ð§
40172,33394,ð§,ð§
40172,33395,ð§,ð§
40172,33396,ð§,ð§
40172,33397,ð§,ð§
40172,33398,ð§,ð§
40172,33399,ð§,ð§
40173,32406,ð§,ð§
40173,31009,ð§,ð§
40173,33084,ð§,ð§
40173,31306,ð§,ð§
40173,33400,ð§,ð§
40173,33401,ð§,ð§
40173,30033,ð§,ð§
40173,33402,ð§,ð§
40173,33403,ð§,ð§
40173,33404,ð§,ð§
40173,33405,ð§,ð§
40174,33406,ð§,ð§
40174,33407,ð§,ð§
40174,33408,ð§,ð§
40174,33409,ð§,ð§
40174,33410,ð§,ð§
40174,31601,ð§,ð§
40174,33411,ð§,ð§
40174,33412,ð§,ð§
40174,32169,ð§,ð§
40174,33413,ð§,ð§
40174,31588,ð§,ð§
40174,33414,ð§,ð§
40174,32048,ð§,ð§
40174,33415,ð§,ð§
40174,32053,ð§,ð§
40174,32068,ð§,ð§
40174,32055,ð§,ð§
40174,31591,ð§,ð§
40174,33416,ð§,ð§
40174,33417,ð§,ð§
40174,33418,ð§,ð§
40174,33419,ð§,ð§
40174,32056,ð§,ð§
40174,33420,ð§,ð§
40174,33421,ð§,ð§
40174,33422,ð§,ð§
40174,33423,ð§,ð§
40174,33424,ð§,ð§
40174,32058,ð§,ð§
40174,33425,ð§,ð§
40174,33426,ð§,ð§
40174,33427,ð§,ð§
40174,33428,ð§,ð§
40175,33429,ð§,ð§
40175,33430,ð§,ð§
40175,32663,ð§,ð§
40175,30958,ð§,ð§
40175,33431,ð§,ð§
40175,33432,ð§,ð§
40175,33433,ð§,ð§
40175,33434,ð§,ð§
40175,33435,ð§,ð§
40175,33436,ð§,ð§
40175,33437,ð§,ð§
40175,33438,ð§,ð§
40175,33439,ð§,ð§
40175,33440,ð§,ð§
40175,33441,ð§,ð§
40157,33442,ð§,ð§
40157,33443,ð§,ð§
40157,33444,ð§,ð§
40157,33445,ð§,ð§
40157,33446,ð§,ð§
40157,33447,ð§,ð§
40157,32144,ð§,ð§
40157,33448,ð§,ð§
40157,33449,ð§,ð§
40157,33450,ð§,ð§
40157,33451,ð§,ð§
40157,33452,ð§,ð§
40157,33453,ð§,ð§
40157,33454,ð§,ð§
40157,33455,ð§,ð§
40157,33456,ð§,ð§
40157,33457,ð§,ð§
40157,33458,ð§,ð§
40157,33459,ð§,ð§
40157,33460,ð§,ð§
40157,33461,ð§,ð§
40157,32054,ð§,ð§
40157,33462,ð§,ð§
40157,33463,ð§,ð§
40157,33464,ð§,ð§
40157,33465,ð§,ð§
40157,33466,ð§,ð§
40157,33467,ð§,ð§
40157,33468,ð§,ð§
40157,33469,ð§,ð§
40157,33470,ð§,ð§
40157,33471,ð§,ð§